Title,Year,Engine,Fuel,Transmission,Drive,Mileage,Price,Location
BMW X6,2017,3.0 л (249 л.с.),дизель,АКПП,4WD,77 972 км,4 750 000,Новосибирск
BMW X7,2022,3.0 л (249 л.с.),бензин,автомат,4WD,25 435 км,11 500 000,Новосибирск
BMW 2-Series Gran Tourer,2015,1.5 л (136 л.с.),бензин,АКПП,передний,140 000 км,1 300 000,Чита
BMW X5,2000,4.4 л (286 л.с.),бензин,АКПП,4WD,200 000 км,555 000,Новосибирск
BMW X5,2010,3.0 л (306 л.с.),бензин,АКПП,4WD,153 км,2 285 000,Якутск
BMW X5,2025,3.0 л (381 л.с.),бензин,АКПП,4WD,7 000 км,14 400 000,Корея→Иркутск
BMW X3,2014,2.0 л (190 л.с.),дизель,АКПП,4WD,181 085 км,2 199 000,Новосибирск
BMW X5,2012,4.4 л (555 л.с.),бензин,АКПП,4WD,86 091 км,3 800 000,Новосибирск
BMW 7-Series,2015,3.0 л (258 л.с.),дизель,АКПП,4WD,233 932 км,2 570 000,Новосибирск
BMW X5,2001,3.0 л (231 л.с.),бензин,АКПП,4WD,397 000 км,860 000,Новосибирск
BMW X5,2008,3.0 л (264 л.с.),бензин,АКПП,4WD,250 000 км,1 649 000,Кемерово
BMW X5,2015,3.0 л (249 л.с.),дизель,АКПП,4WD,194 036 км,3 150 000,Стерлитамак
BMW 5-Series,2017,2.0 л (190 л.с.),дизель,АКПП,4WD,165 000 км,3 199 999,Красноярск
BMW X5,2004,3.0 л (231 л.с.),бензин,АКПП,4WD,320 000 км,1 000 000,Норильск
BMW 5-Series,2015,2.0 л (184 л.с.),бензин,АКПП,задний,122 158 км,2 350 000,Новосибирск
BMW 5-Series,2006,3.0 л (258 л.с.),бензин,АКПП,задний,290 000 км,1 000 000,Омск
BMW 5-Series,2018,2.0 л (190 л.с.),дизель,АКПП,4WD,143 564 км,3 119 000,Кемерово
BMW X3,2011,3.0 л (258 л.с.),бензин,АКПП,4WD,258 000 км,1 669 000,Красноярск
BMW X5,2010,3.0 л (306 л.с.),бензин,АКПП,4WD,276 878 км,1 557 000,Новосибирск
BMW 5-Series,2000,2.0 л (150 л.с.),бензин,АКПП,задний,481 150 км,599 999,Тюмень
BMW X5,2003,3.0 л (231 л.с.),бензин,АКПП,4WD,234 363 км,1 200 000,Канск
BMW X1,2012,2.0 л (184 л.с.),бензин,АКПП,4WD,80 000 км,700 000,Омск
BMW 3-Series,2010,2.0 л (136 л.с.),бензин,АКПП,задний,230 000 км,1 047 000,Красноярск
BMW X6,2013,3.0 л (306 л.с.),бензин,АКПП,4WD,232 000 км,1 987 000,Красноярск
BMW X5,2017,3.0 л (313 л.с.),дизель,АКПП,4WD,138 000 км,4 500 000,Красноярск
BMW X3,2006,2.5 л (218 л.с.),бензин,АКПП,4WD,227 000 км,997 000,Красноярск
BMW 5-Series,2020,2.0 л (252 л.с.),бензин,АКПП,задний,104 685 км,4 779 000,Красноярск
BMW 5-Series,2013,2.0 л (218 л.с.),дизель,АКПП,4WD,171 862 км,1 795 000,Красноярск
BMW 1-Series,2015,1.6 л (136 л.с.),бензин,АКПП,задний,135 000 км,980 000,Уссурийск
BMW 3-Series,2019,2.0 л (190 л.с.),дизель,АКПП,4WD,49 000 км,3 450 000,Владивосток
BMW X3,2019,3.0 л (249 л.с.),дизель,АКПП,4WD,58 100 км,5 350 000,Владивосток
BMW X3,2022,3.0 л (286 л.с.),дизель,АКПП,4WD,53 500 км,4 655 000,Минск
BMW X3,2011,2.0 л (184 л.с.),дизель,АКПП,4WD,279 000 км,1 390 000,Барнаул
BMW 3-Series,2016,1.5 л (136 л.с.),бензин,АКПП,задний,48 000 км,1 900 000,Томск
BMW 3-Series,2021,2.0 л (156 л.с.),бензин,АКПП,задний,30 000 км,2 890 000,Китай→Уссурийск
BMW 3-Series,2012,2.0 л (245 л.с.),бензин,АКПП,задний,136 000 км,1 970 000,Уссурийск
BMW X6,2011,4.4 л (555 л.с.),бензин,АКПП,4WD,170 000 км,2 450 000,Владивосток
BMW X3,2012,2.0 л (184 л.с.),дизель,АКПП,4WD,300 000 км,1 350 000,Красноярск
BMW X7,2019,3.0 л (340 л.с.),бензин,автомат,4WD,40 000 км,9 000 000,Южно-Сахалинск
BMW i3,2016,0.6 л (34 л.с.),гибрид,АКПП,задний,72 416 км,1 052 000,Минск
BMW X5,2015,3.0 л (258 л.с.),дизель,АКПП,4WD,253 700 км,2 253 000,Минск
BMW 5-Series,2011,2.5 л (204 л.с.),бензин,АКПП,задний,150 000 км,1 980 000,Красноярск
BMW X1,2019,1.5 л (140 л.с.),бензин,робот,передний,78 700 км,1 650 000,Япония→Владивосток
BMW X5,2008,3.0 л (235 л.с.),дизель,АКПП,4WD,270 000 км,1 750 000,Новосибирск
BMW 5-Series,2021,2.0 л (294 л.с.),гибрид,автомат,задний,99 800 км,3 682 000,Минск
BMW 3-Series,2017,1.5 л (136 л.с.),бензин,АКПП,задний,85 000 км,1 825 000,Кемерово
BMW X5,2008,3.0 л (272 л.с.),бензин,АКПП,4WD,293 785 км,1 259 000,Кемерово
BMW 5-Series,2010,3.0 л (258 л.с.),бензин,АКПП,задний,300 000 км,2 000 000,Екатеринбург
BMW X3,2021,2.0 л (184 л.с.),гибрид,АКПП,4WD,43 000 км,5 300 000,Иркутск
BMW 3-Series,2017,1.5 л (136 л.с.),бензин,АКПП,задний,43 457 км,1 850 000,Лесозаводск
BMW 3-Series,2012,2.0 л (184 л.с.),бензин,АКПП,4WD,255 000 км,1 539 000,Кемерово
BMW X5,2012,3.0 л (245 л.с.),дизель,АКПП,4WD,316 060 км,2 300 000,Красноярск
BMW X5,2008,3.0 л (272 л.с.),бензин,АКПП,4WD,250 000 км,1 550 000,Новосибирск
BMW X3,2012,2.0 л (184 л.с.),бензин,АКПП,4WD,202 000 км,1 347 000,Красноярск
BMW 5-Series,2014,2.0 л (184 л.с.),бензин,АКПП,задний,109 000 км,3 299 900,Абакан
BMW X6,2020,3.0 л (340 л.с.),бензин,АКПП,4WD,136 000 км,7 999 000,Барнаул
BMW X5,2017,3.0 л (249 л.с.),дизель,АКПП,4WD,185 544 км,3 897 000,Барнаул
BMW 4-Series,2023,2.0 л (258 л.с.),бензин,АКПП,задний,34 000 км,10 208 000,Минск
BMW X5,2011,3.0 л (245 л.с.),дизель,АКПП,4WD,255 753 км,1 950 000,Красноярск
BMW 5-Series,2010,3.0 л (204 л.с.),дизель,АКПП,задний,231 276 км,2 150 000,Новосибирск
BMW 5-Series,2021,2.0 л (252 л.с.),бензин,АКПП,задний,167 000 км,4 000 000,Санкт-Петербург
BMW 5-Series,2013,2.0 л (218 л.с.),дизель,АКПП,4WD,250 000 км,1 427 000,Витебск
BMW X1,2019,1.5 л (140 л.с.),бензин,робот,передний,48 610 км,1 960 000,Чита
BMW X5,2004,4.4 л (320 л.с.),бензин,АКПП,4WD,300 000 км,950 000,Чита
BMW X1,2016,1.5 л (136 л.с.),бензин,АКПП,передний,110 000 км,1 860 000,Находка
BMW 5-Series,2012,3.0 л (306 л.с.),бензин,АКПП,4WD,213 213 км,2 365 000,Краснодар
BMW X5,2022,3.0 л (286 л.с.),дизель,АКПП,4WD,69 000 км,7 850 000,Иркутск
BMW X5,2009,3.0 л (272 л.с.),бензин,АКПП,4WD,259 000 км,1 585 000,Улан-Удэ
BMW X1,2018,1.5 л (140 л.с.),бензин,робот,передний,92 000 км,2 150 000,Благовещенск
BMW X5,2021,3.0 л (249 л.с.),дизель,АКПП,4WD,60 000 км,8 900 000,Сургут
BMW 5-Series,2012,2.0 л (184 л.с.),бензин,АКПП,задний,190 149 км,1 667 000,Барнаул
BMW X5,2021,3.0 л (340 л.с.),бензин,АКПП,4WD,14 000 км,8 700 000,Владивосток
BMW 2-Series Active Tourer,2018,1.5 л (136 л.с.),бензин,АКПП,передний,62 000 км,970 000,Япония→Владивосток
BMW 2-Series Gran Tourer,2016,1.5 л (136 л.с.),бензин,АКПП,передний,77 500 км,1 049 000,Япония→Владивосток
BMW 5-Series,2020,2.0 л (252 л.с.),бензин,АКПП,задний,87 000 км,4 200 000,Владивосток
BMW X5,2023,3.0 л (381 л.с.),бензин,АКПП,4WD,19 000 км,10 900 000,Сургут
BMW 5-Series,2016,2.0 л (245 л.с.),бензин,АКПП,4WD,164 000 км,2 325 000,Новосибирск
BMW 5-Series,2019,2.0 л (249 л.с.),бензин,АКПП,4WD,79 000 км,4 700 000,Уссурийск
BMW 5-Series,2018,2.0 л (249 л.с.),бензин,автомат,задний,103 185 км,3 149 000,Хабаровск
BMW X5,2014,3.0 л (306 л.с.),бензин,АКПП,4WD,186 000 км,3 600 000,Владивосток
BMW 5-Series,2017,3.0 л (340 л.с.),бензин,АКПП,4WD,79 000 км,4 700 000,Владивосток
BMW X3,2019,2.0 л (190 л.с.),дизель,АКПП,4WD,81 000 км,2 700 000,Владивосток
BMW X1,2025,2.0 л (204 л.с.),бензин,робот,4WD,N/A,6 149 900,Екатеринбург
BMW 3-Series,2018,2.0 л (252 л.с.),бензин,АКПП,задний,142 000 км,1 650 000,Махачкала
BMW X7,2021,3.0 л (340 л.с.),гибрид,АКПП,4WD,27 500 км,8 500 000,Благовещенск
BMW 5-Series Gran Turismo,2009,3.0 л (306 л.с.),бензин,АКПП,задний,220 000 км,1 050 000,Красноярск
BMW X7,2021,3.0 л (340 л.с.),гибрид,АКПП,4WD,23 174 км,10 000 000,Сочи
BMW X5,2019,3.0 л (265 л.с.),дизель,АКПП,4WD,107 182 км,6 500 000,Краснодар
BMW X4,2020,3.0 л (340 л.с.),дизель,автомат,4WD,100 000 км,5 855 000,Симферополь
BMW X5,2023,3.0 л (286 л.с.),дизель,АКПП,4WD,4 410 км,11 888 000,Санкт-Петербург
BMW 5-Series,2020,2.0 л (190 л.с.),дизель,АКПП,4WD,144 460 км,3 000 000,Химки
BMW M5,2022,4.4 л (635 л.с.),бензин,АКПП,4WD,21 497 км,14 900 000,Москва
BMW 5-Series,2015,3.0 л (258 л.с.),дизель,АКПП,4WD,148 554 км,2 391 885,Санкт-Петербург
BMW 5-Series,2018,2.0 л (249 л.с.),бензин,АКПП,4WD,142 267 км,3 269 000,Санкт-Петербург
BMW 5-Series Gran Turismo,2011,3.0 л (245 л.с.),дизель,АКПП,4WD,318 123 км,1 890 000,Казань
BMW 5-Series,2020,3.0 л (249 л.с.),дизель,АКПП,4WD,133 000 км,4 200 000,Челябинск
BMW X4,2023,2.0 л (184 л.с.),бензин,АКПП,4WD,22 255 км,7 400 000,Тюмень
BMW X5,2006,4.4 л (320 л.с.),бензин,АКПП,4WD,253 051 км,1 535 000,Тюмень
BMW X6,2010,4.4 л (407 л.с.),бензин,АКПП,4WD,257 000 км,1 680 000,Сочи
BMW 5-Series,2018,2.0 л (252 л.с.),бензин,АКПП,задний,105 000 км,2 190 000,Махачкала
BMW X5,2018,3.0 л (249 л.с.),дизель,АКПП,4WD,195 000 км,3 850 000,Краснодар
BMW 7-Series,2014,3.0 л (258 л.с.),дизель,АКПП,4WD,270 000 км,1 750 000,Волгоград
BMW 3-Series,2001,1.9 л (118 л.с.),бензин,АКПП,задний,350 000 км,630 000,Барнаул
BMW 1-Series,2015,1.6 л (136 л.с.),бензин,АКПП,задний,64 000 км,1 250 000,Владивосток
BMW X5,2025,3.0 л (352 л.с.),дизель,АКПП,4WD,N/A,16 750 000,Москва
BMW X5,2007,4.8 л (355 л.с.),бензин,АКПП,4WD,270 355 км,1 300 000,Усть-Катав
BMW 5-Series,2016,2.0 л (184 л.с.),бензин,АКПП,задний,230 000 км,1 990 000,Пермь
BMW X5,2008,3.0 л (235 л.с.),дизель,АКПП,4WD,298 000 км,2 100 000,Тула
BMW 5-Series,2013,2.0 л (184 л.с.),бензин,АКПП,задний,290 000 км,1 450 000,Волгодонск
BMW X3,2025,2.0 л (197 л.с.),дизель,автомат,4WD,4 500 км,8 598 000,Нижний Новгород
BMW X5,2020,3.0 л (400 л.с.),дизель,АКПП,4WD,113 624 км,7 980 000,Нижний Новгород
BMW 3-Series,2006,2.5 л (218 л.с.),бензин,АКПП,4WD,312 000 км,1 100 000,Красноярск
BMW X5,2026,3.0 л (298 л.с.),дизель,АКПП,4WD,N/A,16 790 000,Москва
BMW 6-Series,2012,4.4 л (407 л.с.),бензин,АКПП,4WD,40 000 км,2 700 000,Москва
BMW X5,2007,3.0 л (235 л.с.),дизель,АКПП,4WD,315 000 км,1 850 000,Нижнебаканская
BMW 3-Series Gran Turismo,2018,2.0 л (190 л.с.),дизель,автомат,4WD,124 754 км,3 100 000,Люберцы
BMW 1-Series,2018,1.5 л (136 л.с.),бензин,АКПП,задний,85 500 км,1 817 777,Челябинск
BMW X6,2008,3.0 л (306 л.с.),бензин,АКПП,4WD,3 250 км,1 850 000,Омск
BMW 3-Series,2020,2.0 л (258 л.с.),бензин,АКПП,задний,149 000 км,3 490 000,Екатеринбург
BMW X6,2011,3.0 л (306 л.с.),бензин,АКПП,4WD,248 162 км,1 395 000,Пермь
BMW 3-Series,2009,2.5 л (218 л.с.),бензин,АКПП,задний,345 272 км,1 089 000,Тюмень
BMW 5-Series,2018,2.0 л (190 л.с.),дизель,АКПП,4WD,85 000 км,3 330 000,Магнитогорск
BMW 7-Series,2017,2.0 л (258 л.с.),гибрид,АКПП,задний,72 025 км,4 000 000,Иркутск
BMW X6,2013,3.0 л (306 л.с.),бензин,АКПП,4WD,198 000 км,2 300 000,Краснодар
BMW X3,2015,2.0 л (184 л.с.),бензин,АКПП,4WD,87 000 км,2 700 000,Екатеринбург
BMW X6,2010,3.0 л (306 л.с.),бензин,АКПП,4WD,298 000 км,1 600 000,Новокузнецк
BMW X3,2018,2.0 л (249 л.с.),бензин,АКПП,4WD,99 000 км,4 300 000,Новосибирск
BMW X5,2009,3.0 л (235 л.с.),дизель,АКПП,4WD,133 750 км,3 000 000,Началово
BMW X1,2019,2.0 л (192 л.с.),бензин,АКПП,4WD,110 659 км,2 797 000,Тверь
BMW 5-Series,2009,2.5 л (218 л.с.),бензин,АКПП,задний,147 000 км,1 550 000,Сургут
BMW X2,2025,2.0 л (300 л.с.),бензин,робот,4WD,N/A,7 300 000,Москва
BMW X3,2007,2.5 л (218 л.с.),бензин,АКПП,4WD,394 000 км,950 000,Челябинск
BMW 7-Series,2016,3.0 л (265 л.с.),дизель,АКПП,4WD,163 189 км,2 945 150,Москва
BMW X5,2010,3.0 л (306 л.с.),бензин,АКПП,4WD,267 000 км,1 690 000,Пятигорск
BMW X3,2010,2.0 л (177 л.с.),дизель,АКПП,4WD,246 000 км,1 050 000,Тольятти
BMW 4-Series,2014,2.0 л (184 л.с.),дизель,АКПП,задний,182 000 км,2 395 000,Краснодар
BMW X5,2007,4.8 л (355 л.с.),бензин,АКПП,4WD,240 000 км,1 700 000,Барнаул
BMW X5,2017,3.0 л (381 л.с.),дизель,АКПП,4WD,196 000 км,2 800 000,Красноярск
BMW 7-Series,1999,2.9 л (184 л.с.),дизель,АКПП,задний,310 000 км,900 000,Челябинск
BMW X5,2019,3.0 л (249 л.с.),дизель,АКПП,4WD,85 000 км,7 100 000,Пермь
BMW X6,2023,3.0 л (381 л.с.),бензин,АКПП,4WD,16 260 км,12 434 434,Москва
BMW X5,2009,3.0 л (235 л.с.),дизель,АКПП,4WD,300 000 км,1 799 900,Нижний Новгород
BMW X6,2023,3.0 л (340 л.с.),бензин,АКПП,4WD,9 000 км,10 500 000,Ростов-на-Дону
BMW X3,2012,2.0 л (184 л.с.),бензин,АКПП,4WD,250 000 км,1 500 000,Киров
BMW 1-Series,2008,2.0 л (156 л.с.),бензин,АКПП,задний,320 000 км,595 000,Санкт-Петербург
BMW X5,2009,3.0 л (272 л.с.),бензин,АКПП,4WD,220 000 км,1 670 000,Краснодар
BMW X3,2012,2.0 л (245 л.с.),бензин,АКПП,4WD,150 000 км,1 900 000,Москва
BMW X5,2012,3.0 л (306 л.с.),бензин,АКПП,4WD,208 000 км,2 180 000,Омск
BMW 7-Series,2023,3.0 л (286 л.с.),гибрид,АКПП,4WD,26 298 км,19 500 000,Краснодар
BMW X2,2025,2.0 л (300 л.с.),бензин,робот,4WD,N/A,7 300 000,Москва
BMW X1,2012,2.0 л (184 л.с.),бензин,АКПП,4WD,167 404 км,1 290 000,Калининград
BMW X7,2020,3.0 л (249 л.с.),дизель,АКПП,4WD,121 000 км,8 300 000,Ростов-на-Дону
BMW X5,2025,3.0 л (381 л.с.),бензин,АКПП,4WD,N/A,13 905 000,Москва
BMW X5,2004,4.4 л (320 л.с.),бензин,АКПП,4WD,210 км,1 200 000,Каменка
BMW X3,2005,3.0 л (231 л.с.),бензин,АКПП,4WD,233 000 км,900 000,Новосибирск
BMW X5,2013,3.0 л (249 л.с.),дизель,АКПП,4WD,265 000 км,3 050 000,Симферополь
BMW X1,2011,2.0 л (150 л.с.),бензин,АКПП,задний,258 000 км,1 000 000,Екатеринбург
BMW X5,2016,3.0 л (249 л.с.),дизель,АКПП,4WD,130 000 км,4 500 000,Ярославль
BMW X4,2015,2.0 л (190 л.с.),дизель,АКПП,4WD,315 000 км,2 150 000,Одинцово
BMW 4-Series,2025,2.0 л (184 л.с.),бензин,АКПП,задний,1 095 км,8 500 000,Краснодар
BMW X6,2018,3.0 л (249 л.с.),дизель,АКПП,4WD,137 000 км,4 250 000,Воронеж
BMW 7-Series,2008,4.4 л (407 л.с.),бензин,АКПП,задний,244 000 км,1 000 000,Уфа
BMW 5-Series,2007,2.5 л (218 л.с.),бензин,АКПП,задний,262 000 км,1 280 000,Смоленск
BMW 3-Series,2016,1.5 л (136 л.с.),бензин,АКПП,задний,75 000 км,1 900 000,Омск
BMW 3-Series,1992,1.6 л (99 л.с.),бензин,механика,задний,250 000 км,350 000,Новосибирск
BMW 7-Series,2006,4.8 л (367 л.с.),бензин,АКПП,задний,193 000 км,730 000,Хабаровск
BMW 5-Series,1997,2.0 л (150 л.с.),бензин,механика,задний,229 291 км,620 000,Кемерово
BMW 5-Series,2020,2.0 л (184 л.с.),гибрид,АКПП,4WD,140 000 км,4 500 000,Москва
BMW X3,2015,3.0 л (249 л.с.),дизель,АКПП,4WD,271 148 км,1 824 000,Воронеж
BMW X4,2016,3.0 л (306 л.с.),бензин,АКПП,4WD,92 000 км,3 200 000,Сочи
BMW 5-Series,2013,2.0 л (245 л.с.),бензин,АКПП,4WD,251 000 км,1 850 000,Санкт-Петербург
BMW X1,2014,2.0 л (150 л.с.),бензин,АКПП,задний,107 700 км,1 400 000,Волгоград
BMW i3,2019,184 л.с.,электро,АКПП,задний,47 440 км,4 000 000,Подольск
BMW X3,2014,2.0 л (184 л.с.),бензин,АКПП,4WD,197 000 км,2 150 000,Чебоксары
BMW 1-Series,2011,1.6 л (116 л.с.),бензин,АКПП,задний,259 068 км,850 000,Челябинск
BMW X3,2012,2.0 л (245 л.с.),бензин,АКПП,4WD,312 200 км,1 250 000,Санкт-Петербург
BMW X5,2015,3.0 л (313 л.с.),дизель,АКПП,4WD,392 000 км,3 750 000,Ростов-на-Дону
BMW 1-Series,2008,1.6 л (116 л.с.),бензин,АКПП,задний,186 000 км,770 000,Омск
BMW 5-Series,2001,2.2 л (170 л.с.),бензин,механика,задний,319 210 км,777 777,Казань
BMW 6-Series,2015,3.0 л (313 л.с.),дизель,АКПП,4WD,169 749 км,2 790 000,Пермь
BMW 7-Series,2020,3.0 л (340 л.с.),бензин,АКПП,задний,76 000 км,6 999 999,Брюховецкая
BMW 5-Series,1998,2.9 л (184 л.с.),дизель,АКПП,задний,419 000 км,750 000,Калининград
BMW 3-Series,2013,2.0 л (184 л.с.),дизель,АКПП,задний,217 000 км,1 500 000,Санкт-Петербург
BMW X3,2004,2.5 л (192 л.с.),бензин,АКПП,4WD,520 000 км,550 000,Пермь
BMW X6,2025,3.0 л (298 л.с.),дизель,АКПП,4WD,N/A,15 890 000,Москва
BMW X5,2017,3.0 л (313 л.с.),дизель,АКПП,4WD,180 000 км,4 537 000,Абакан
BMW 1-Series,2016,1.5 л (136 л.с.),бензин,АКПП,задний,53 000 км,1 900 000,Владивосток
BMW X5,2015,3.0 л (249 л.с.),дизель,АКПП,4WD,172 000 км,3 580 000,Кировск
BMW 3-Series,1994,1.6 л (99 л.с.),бензин,автомат,задний,300 000 км,100 000,Калининград
BMW 5-Series,2014,2.0 л (184 л.с.),бензин,АКПП,задний,184 000 км,2 650 000,Красноярск
BMW X3,2025,2.0 л (258 л.с.),бензин,АКПП,4WD,16 км,6 899 000,Яблоновский
BMW 3-Series,2013,2.0 л (184 л.с.),дизель,АКПП,задний,315 000 км,1 700 000,Москва
BMW X6,2011,3.0 л (306 л.с.),бензин,АКПП,4WD,281 000 км,1 900 000,Новосибирск
BMW 3-Series,2001,2.2 л (170 л.с.),бензин,механика,задний,370 000 км,599 900,Воронеж
BMW 5-Series,2004,2.5 л (192 л.с.),бензин,АКПП,задний,273 000 км,459 000,Мурманск
BMW 5-Series,2012,2.0 л (218 л.с.),дизель,АКПП,4WD,280 000 км,1 400 000,Троицкое
BMW X6,2017,3.0 л (249 л.с.),дизель,АКПП,4WD,73 000 км,4 699 000,Омск
BMW 5-Series,2002,2.5 л (192 л.с.),бензин,АКПП,задний,340 000 км,700 000,Югорск
BMW 3-Series,2013,2.0 л (184 л.с.),бензин,АКПП,4WD,167 000 км,1 750 000,Псков
BMW X5,2001,4.4 л (286 л.с.),бензин,АКПП,4WD,245 000 км,1 000 000,Чита
BMW X3,2015,2.0 л (245 л.с.),бензин,АКПП,4WD,176 000 км,2 100 000,Магнитогорск
BMW 5-Series,1998,2.5 л (170 л.с.),бензин,АКПП,задний,400 000 км,630 000,Нижний Тагил
BMW X6,2015,3.0 л (249 л.с.),дизель,АКПП,4WD,89 000 км,3 350 000,Челябинск
BMW X5,2015,3.0 л (218 л.с.),дизель,АКПП,4WD,172 806 км,2 815 400,Калуга
BMW X3,2015,2.0 л (184 л.с.),бензин,АКПП,4WD,122 000 км,2 340 000,Уфа
BMW X5,2004,4.4 л (320 л.с.),бензин,АКПП,4WD,78 000 км,1 000 000,Сургут
BMW X5,2024,3.0 л (298 л.с.),дизель,АКПП,4WD,N/A,15 700 000,Москва
BMW X4,2018,2.0 л (184 л.с.),бензин,АКПП,4WD,67 179 км,3 330 000,Казань
BMW X5,2026,4.4 л (625 л.с.),бензин,АКПП,4WD,N/A,24 990 000,Москва
BMW X6,2008,3.0 л (286 л.с.),дизель,АКПП,4WD,268 345 км,1 850 000,Мурманск
BMW X5,2025,3.0 л (381 л.с.),бензин,АКПП,4WD,N/A,15 900 000,Москва
BMW X2,2025,2.0 л (204 л.с.),бензин,робот,4WD,45 км,6 299 000,Яблоновский
BMW X5,2020,2.0 л (231 л.с.),дизель,АКПП,4WD,115 000 км,5 200 000,Красноярск
BMW 3-Series,2014,2.0 л (184 л.с.),дизель,АКПП,4WD,160 000 км,2 200 000,Челябинск
BMW X3,2007,3.0 л (272 л.с.),бензин,АКПП,4WD,130 000 км,2 000 000,Москва
BMW 1-Series,2010,1.6 л (116 л.с.),бензин,АКПП,задний,162 982 км,660 000,Уфа
BMW 5-Series,2005,2.5 л (218 л.с.),бензин,механика,задний,200 000 км,1 019 000,Нижний Новгород
BMW 7-Series,2015,3.0 л (320 л.с.),дизель,АКПП,4WD,157 215 км,5 100 000,Новосибирск
BMW X5,2008,3.0 л (235 л.с.),дизель,АКПП,4WD,339 000 км,1 750 000,Красноярск
BMW 5-Series,1988,2.5 л (170 л.с.),бензин,механика,задний,573 000 км,420 000,Озёрск
BMW X3,2007,2.5 л (218 л.с.),бензин,АКПП,4WD,260 000 км,1 050 000,Верхняя Пышма
BMW 3-Series,2008,3.0 л (306 л.с.),бензин,АКПП,задний,290 000 км,1 600 000,Благовещенск
BMW 1-Series,2010,1.6 л (116 л.с.),бензин,АКПП,задний,210 000 км,650 000,Нижний Новгород
BMW X6,2011,3.0 л (306 л.с.),бензин,АКПП,4WD,179 027 км,1 600 000,Сочи
BMW 7-Series,2003,4.4 л (333 л.с.),бензин,АКПП,задний,239 280 км,760 000,Лесной
BMW 5-Series,2001,2.5 л (192 л.с.),бензин,АКПП,задний,267 664 км,600 000,Нижневартовск
BMW X6,2012,3.0 л (306 л.с.),бензин,АКПП,4WD,285 000 км,1 950 000,Липецк
BMW 5-Series,2004,3.0 л (231 л.с.),бензин,АКПП,задний,345 000 км,1 300 000,Симферополь
BMW X5,2018,3.0 л (400 л.с.),дизель,АКПП,4WD,102 751 км,5 999 000,Уфа
BMW 3-Series,2008,2.0 л (170 л.с.),бензин,АКПП,задний,252 000 км,1 300 000,Воронеж
BMW 1-Series,2008,1.6 л (116 л.с.),бензин,АКПП,задний,186 000 км,799 999,Кропоткин
BMW 2-Series Active Tourer,2014,1.5 л (136 л.с.),бензин,АКПП,передний,98 863 км,1 150 000,Владивосток
BMW 7-Series,1990,5.0 л (299 л.с.),бензин,АКПП,задний,138 000 км,1 600 000,Москва
BMW 5-Series,2025,2.0 л (258 л.с.),бензин,АКПП,4WD,N/A,8 450 000,Москва
BMW X3,2012,3.0 л (313 л.с.),дизель,АКПП,4WD,176 216 км,2 099 000,Казань
BMW X1,2011,2.0 л (177 л.с.),дизель,АКПП,4WD,251 000 км,1 199 000,Кемерово
BMW 5-Series,2025,2.0 л (258 л.с.),бензин,АКПП,4WD,N/A,8 700 000,Москва
BMW X3,2025,2.0 л (258 л.с.),бензин,АКПП,4WD,N/A,7 489 000,Москва
BMW 1-Series,2019,1.5 л (140 л.с.),бензин,робот,передний,36 079 км,2 100 000,Владивосток
BMW 6-Series Gran Turismo,2021,2.0 л (190 л.с.),дизель,АКПП,4WD,99 997 км,4 735 000,Москва
BMW 2-Series Active Tourer,2015,1.5 л (136 л.с.),бензин,АКПП,передний,101 120 км,1 250 000,Барнаул
BMW i8,2017,1.5 л (231 л.с.),гибрид,АКПП,4WD,23 814 км,7 199 000,Сочи
BMW X5,2005,3.0 л (225 л.с.),бензин,АКПП,4WD,350 000 км,900 000,Воронеж
BMW X4,2021,2.0 л (249 л.с.),бензин,АКПП,4WD,125 450 км,4 292 800,Москва
BMW X4,2016,2.0 л (184 л.с.),бензин,АКПП,4WD,92 000 км,2 730 000,Петропавловск-Камчатский
BMW 1-Series,2010,1.6 л (116 л.с.),бензин,АКПП,задний,212 000 км,950 000,Красноярск
BMW 3-Series,2001,2.0 л (136 л.с.),дизель,механика,задний,460 000 км,500 000,Волгодонск
BMW 1-Series,2012,1.6 л (136 л.с.),бензин,АКПП,задний,199 900 км,1 195 000,Набережные Челны
BMW 1-Series,2013,1.6 л (136 л.с.),бензин,АКПП,задний,87 000 км,1 200 000,Красноярск
BMW X6,2010,3.0 л (306 л.с.),бензин,АКПП,4WD,198 000 км,1 850 000,Оренбург
BMW X5,2000,4.4 л (286 л.с.),бензин,АКПП,4WD,300 000 км,650 000,Красноярск
BMW X1,2011,2.0 л (150 л.с.),бензин,АКПП,задний,217 000 км,1 000 000,Саратов
BMW 5-Series,2020,2.0 л (249 л.с.),бензин,АКПП,4WD,104 000 км,4 500 000,Москва
BMW 5-Series,2005,2.5 л (177 л.с.),дизель,АКПП,задний,320 000 км,1 000 000,Симферополь
BMW X7,2023,3.0 л (340 л.с.),дизель,автомат,4WD,25 км,17 100 000,Москва
BMW 1-Series,2011,1.6 л (116 л.с.),бензин,АКПП,задний,247 488 км,654 070,Краснодар
BMW 3-Series,2002,2.2 л (170 л.с.),бензин,АКПП,задний,345 500 км,1 050 000,Краснодар
BMW 5-Series,2020,2.0 л (190 л.с.),дизель,АКПП,4WD,195 000 км,3 900 000,Туймазы
BMW 3-Series,2010,2.0 л (136 л.с.),бензин,АКПП,задний,183 455 км,1 049 000,Магнитогорск
BMW X1,2010,2.0 л (150 л.с.),бензин,АКПП,задний,217 000 км,1 180 000,Новосибирск
BMW 5-Series,2017,2.0 л (190 л.с.),дизель,АКПП,4WD,118 356 км,3 200 000,Краснодар
BMW 5-Series,2013,2.0 л (245 л.с.),бензин,АКПП,4WD,145 000 км,2 390 000,Красноярск
BMW 3-Series,2019,2.0 л (190 л.с.),дизель,АКПП,задний,129 000 км,3 550 000,Тюмень
BMW 7-Series,2018,2.0 л (258 л.с.),гибрид,АКПП,задний,65 000 км,5 000 000,Владивосток
BMW X6,2022,3.0 л (286 л.с.),дизель,АКПП,4WD,20 000 км,11 999 999,Краснодар
BMW 3-Series,2000,2.0 л (150 л.с.),бензин,АКПП,задний,263 000 км,455 000,Нижний Новгород
BMW 3-Series,1996,1.6 л (102 л.с.),бензин,механика,задний,530 000 км,320 000,Староминская
BMW 3-Series,2010,2.0 л (156 л.с.),бензин,АКПП,задний,283 000 км,980 000,Ростов-на-Дону
BMW M4,2021,3.0 л (510 л.с.),бензин,АКПП,задний,80 000 км,8 250 000,Краснодар
BMW 5-Series Gran Turismo,2010,3.0 л (306 л.с.),бензин,АКПП,задний,60 000 км,1 530 000,Махачкала
BMW X6,2017,4.4 л (575 л.с.),бензин,АКПП,4WD,98 000 км,4 800 000,Москва
BMW 3-Series Gran Turismo,2014,2.0 л (184 л.с.),бензин,АКПП,задний,45 000 км,1 730 000,Курск
BMW X1,2020,1.5 л (140 л.с.),бензин,робот,передний,68 700 км,2 570 000,Ставрополь
BMW X6,2009,3.0 л (235 л.с.),дизель,АКПП,4WD,192 000 км,2 390 000,Симферополь
BMW 3-Series,2009,2.0 л (136 л.с.),бензин,АКПП,задний,198 961 км,850 000,Пермь
BMW 5-Series,1998,2.5 л (170 л.с.),бензин,АКПП,задний,450 000 км,560 000,Москва
BMW X5,2008,4.8 л (355 л.с.),бензин,АКПП,4WD,258 300 км,1 700 000,Москва
BMW X5,2020,3.0 л (249 л.с.),дизель,АКПП,4WD,57 762 км,7 410 000,Калининград
BMW 5-Series,2015,2.0 л (184 л.с.),бензин,АКПП,задний,110 000 км,2 550 000,Омск
BMW 4-Series,2014,2.0 л (184 л.с.),дизель,АКПП,4WD,135 000 км,2 250 000,Москва
BMW 5-Series,2010,3.0 л (300 л.с.),дизель,автомат,задний,299 000 км,3 500 000,Москва
BMW X6,2017,3.0 л (313 л.с.),дизель,АКПП,4WD,209 000 км,3 900 000,Краснодар
BMW 5-Series,1998,2.5 л (170 л.с.),бензин,АКПП,задний,434 500 км,650 000,Лабинск
BMW 2-Series Active Tourer,2016,1.5 л (136 л.с.),гибрид,АКПП,4WD,94 000 км,1 888 888,Благовещенск
BMW 5-Series,2021,2.0 л (184 л.с.),бензин,АКПП,задний,65 000 км,4 750 000,Санкт-Петербург
BMW X1,2020,1.5 л (140 л.с.),бензин,робот,передний,95 499 км,2 899 000,Ставрополь
BMW X5,2026,3.0 л (352 л.с.),дизель,АКПП,4WD,N/A,16 990 000,Москва
BMW X1,2019,1.5 л (140 л.с.),бензин,робот,передний,100 000 км,1 995 000,Владивосток
BMW X7,2021,3.0 л (400 л.с.),дизель,АКПП,4WD,139 000 км,8 200 000,Абакан
BMW X5,2023,4.4 л (530 л.с.),бензин,АКПП,4WD,24 000 км,15 500 000,Ростов-на-Дону
BMW X6,2015,4.4 л (450 л.с.),бензин,АКПП,4WD,131 000 км,4 300 000,Краснодар
BMW 5-Series,1997,2.5 л (170 л.с.),бензин,АКПП,задний,430 000 км,450 000,Красноярск
BMW X5,2004,3.0 л (231 л.с.),бензин,АКПП,4WD,384 000 км,1 500 000,Кореновск
BMW 7-Series,2006,4.0 л (306 л.с.),бензин,АКПП,задний,202 800 км,850 000,Абакан
BMW 3-Series,1996,1.6 л (102 л.с.),бензин,механика,задний,447 788 км,299 999,Екатеринбург
BMW X5,2025,3.0 л (352 л.с.),дизель,АКПП,4WD,N/A,18 650 000,Москва
BMW X5,2001,3.0 л (231 л.с.),бензин,АКПП,4WD,400 000 км,850 000,Омск
BMW 3-Series,2008,3.0 л (230 л.с.),бензин,АКПП,4WD,50 км,1 100 000,Минск
BMW 5-Series,2002,3.0 л (231 л.с.),бензин,АКПП,задний,350 000 км,1 000 000,Белореченск
BMW X7,2024,3.0 л (352 л.с.),гибрид,АКПП,4WD,26 880 км,14 600 000,Ставрополь
BMW X5,2025,3.0 л (352 л.с.),дизель,АКПП,4WD,N/A,18 800 000,Москва
BMW X4,2018,2.0 л (190 л.с.),дизель,АКПП,4WD,90 000 км,3 750 000,Брянск
BMW X5,2004,3.0 л (225 л.с.),бензин,АКПП,4WD,324 000 км,850 000,Шарья
BMW 5-Series,2019,2.0 л (190 л.с.),дизель,АКПП,задний,48 000 км,3 800 000,Лангепас
BMW X5,2008,3.0 л (272 л.с.),бензин,АКПП,4WD,192 100 км,1 640 000,Владивосток
BMW X6,2008,3.0 л (306 л.с.),бензин,АКПП,4WD,192 500 км,1 600 000,Саяногорск
BMW X5,2017,3.0 л (313 л.с.),дизель,АКПП,4WD,150 215 км,4 179 000,Уфа
BMW 5-Series,2010,2.5 л (204 л.с.),бензин,АКПП,задний,270 000 км,1 950 000,Советский
BMW X5,2004,3.0 л (231 л.с.),бензин,АКПП,4WD,284 533 км,1 400 000,Томск
BMW X3,2012,2.0 л (184 л.с.),дизель,АКПП,4WD,317 000 км,1 800 000,Москва
BMW X7,2021,3.0 л (340 л.с.),гибрид,АКПП,4WD,59 000 км,11 300 000,Барнаул
BMW 5-Series,2014,2.0 л (184 л.с.),бензин,АКПП,задний,125 000 км,2 300 000,Когалым
BMW 3-Series Gran Turismo,2017,2.0 л (184 л.с.),бензин,АКПП,4WD,89 000 км,2 850 000,Новосибирск
BMW 5-Series,2002,2.2 л (170 л.с.),бензин,механика,задний,85 000 км,1 100 000,Судак
BMW 5-Series,2001,2.5 л (192 л.с.),бензин,АКПП,задний,351 000 км,700 000,Одинцово
BMW X5,2008,3.0 л (272 л.с.),бензин,АКПП,4WD,245 000 км,1 400 000,Ростов-на-Дону
BMW X6,2016,4.4 л (575 л.с.),бензин,АКПП,4WD,170 000 км,3 960 000,Энгельс
BMW 3-Series,2008,2.0 л (136 л.с.),бензин,АКПП,задний,317 440 км,820 000,Москва
BMW X6,2012,3.0 л (306 л.с.),бензин,АКПП,4WD,168 000 км,2 100 000,Симферополь
BMW 3-Series,1998,2.5 л (192 л.с.),бензин,механика,задний,346 500 км,1 600 000,Калининград
BMW X5,2025,3.0 л (298 л.с.),дизель,АКПП,4WD,N/A,15 290 000,Москва
BMW X5,2009,3.0 л (272 л.с.),бензин,АКПП,4WD,230 500 км,1 800 000,Томск
BMW 1-Series,2012,1.6 л (136 л.с.),бензин,АКПП,задний,204 861 км,1 000 000,Ханты-Мансийск
BMW X5,2015,3.0 л (306 л.с.),бензин,АКПП,4WD,98 172 км,3 300 000,Пермь
BMW X6,2015,3.0 л (306 л.с.),бензин,АКПП,4WD,282 022 км,2 285 150,Москва
BMW X6,2022,3.0 л (340 л.с.),дизель,АКПП,4WD,60 000 км,12 000 000,Барнаул
BMW 3-Series,2013,2.0 л (184 л.с.),дизель,АКПП,4WD,185 000 км,2 200 000,Ижевск
BMW X5,2025,3.0 л (298 л.с.),дизель,АКПП,4WD,27 км,15 490 000,Москва
BMW X5,2018,3.0 л (400 л.с.),дизель,АКПП,4WD,144 000 км,6 800 000,Пермь
BMW X1,2019,2.0 л (231 л.с.),бензин,автомат,4WD,97 161 км,2 349 714,Санкт-Петербург
BMW 3-Series,2010,2.0 л (184 л.с.),дизель,автомат,4WD,192 629 км,1 349 000,Нижнекамск
BMW X6,2022,3.0 л (340 л.с.),бензин,АКПП,4WD,25 000 км,10 499 999,Тюмень
BMW X5,2025,3.0 л (381 л.с.),бензин,АКПП,4WD,N/A,15 650 000,Москва
BMW 3-Series,2020,2.0 л (258 л.с.),бензин,АКПП,задний,86 335 км,3 900 000,Балашиха
BMW X5,2018,2.0 л (231 л.с.),дизель,АКПП,4WD,115 000 км,4 600 000,Симферополь
BMW i8,2016,1.5 л (231 л.с.),гибрид,АКПП,4WD,39 405 км,6 650 000,Сочи
BMW X5,2015,3.0 л (249 л.с.),дизель,АКПП,4WD,165 343 км,3 079 000,Калининград
BMW 5-Series,2003,3.0 л (231 л.с.),бензин,механика,задний,373 500 км,1 099 000,Тольятти
BMW 3-Series,2006,3.0 л (306 л.с.),бензин,АКПП,задний,248 000 км,1 650 000,Севастополь
BMW 2-Series,2021,1.5 л (140 л.с.),бензин,робот,передний,44 000 км,1 800 000,Якутск
BMW X6,2010,3.0 л (306 л.с.),дизель,АКПП,4WD,260 000 км,2 000 000,Черкесск
BMW 5-Series,2021,2.0 л (252 л.с.),бензин,АКПП,4WD,16 117 км,5 990 000,Химки
BMW 5-Series,2018,2.0 л (231 л.с.),дизель,автомат,задний,100 000 км,2 950 000,Краснодар
BMW X5,2005,3.0 л (231 л.с.),бензин,АКПП,4WD,400 км,1 000 000,Курганинск
BMW 1-Series,2013,1.6 л (136 л.с.),бензин,АКПП,задний,186 457 км,1 129 000,Екатеринбург
BMW 3-Series,2020,2.0 л (150 л.с.),дизель,АКПП,задний,43 949 км,3 109 000,Ижевск
BMW X6,2013,3.5 л (306 л.с.),бензин,автомат,4WD,215 000 км,1 999 999,Раменское
BMW 3-Series,2007,2.0 л (163 л.с.),дизель,АКПП,задний,247 000 км,1 699 999,Краснодар
BMW X3,2013,2.0 л (184 л.с.),дизель,АКПП,4WD,169 000 км,1 690 000,Чебоксары
BMW 5-Series,2010,3.0 л (258 л.с.),бензин,АКПП,задний,210 000 км,1 550 000,Екатеринбург
BMW X7,2021,3.0 л (340 л.с.),гибрид,АКПП,4WD,66 000 км,9 500 000,Уссурийск
BMW X5,2018,3.0 л (313 л.с.),дизель,АКПП,4WD,149 444 км,4 200 000,Владивосток
BMW X5,2004,3.0 л (218 л.с.),дизель,АКПП,4WD,350 000 км,1 595 000,Сочи
BMW 7-Series,2022,3.0 л (286 л.с.),дизель,АКПП,4WD,49 422 км,10 500 000,Ростов-на-Дону
BMW X4,2018,3.0 л (360 л.с.),бензин,АКПП,4WD,63 000 км,6 200 000,Барнаул
BMW 3-Series,2016,2.0 л (184 л.с.),бензин,АКПП,4WD,225 000 км,2 100 000,Москва
BMW 5-Series,1998,2.0 л (150 л.с.),бензин,механика,задний,366 660 км,800 000,Новошахтинск
BMW 7-Series,2018,3.0 л (326 л.с.),бензин,АКПП,4WD,163 239 км,3 929 000,Ростов-на-Дону
BMW X3,2021,2.0 л (190 л.с.),дизель,АКПП,4WD,72 000 км,4 750 000,Калининград
BMW X5,2026,3.0 л (298 л.с.),дизель,АКПП,4WD,N/A,17 290 000,Москва
BMW X5,2025,3.0 л (381 л.с.),бензин,АКПП,4WD,N/A,15 900 000,Москва
BMW 3-Series,2010,2.5 л (218 л.с.),бензин,АКПП,4WD,210 000 км,1 400 000,Сургут
BMW X6,2009,3.0 л (306 л.с.),бензин,АКПП,4WD,169 500 км,1 645 000,Оренбург
BMW 3-Series,2008,2.0 л (136 л.с.),бензин,АКПП,задний,195 000 км,800 000,Санкт-Петербург
BMW 3-Series,2000,2.2 л (170 л.с.),бензин,механика,задний,450 000 км,500 000,Сергиев Посад
BMW X3,2018,2.0 л (252 л.с.),бензин,АКПП,4WD,162 368 км,2 709 150,Москва
BMW 5-Series,2005,3.0 л (218 л.с.),дизель,АКПП,задний,530 000 км,1 150 000,Москва
BMW 3-Series,1997,2.0 л (150 л.с.),бензин,механика,задний,320 000 км,300 000,Старый Оскол
BMW X6,2013,4.4 л (555 л.с.),бензин,АКПП,4WD,195 000 км,2 000 000,Омск
BMW 5-Series,2005,2.5 л (192 л.с.),бензин,механика,задний,362 300 км,1 200 000,Новосибирск
BMW 5-Series,2023,2.0 л (258 л.с.),гибрид,АКПП,4WD,15 200 км,7 350 000,Москва
BMW X6,2020,3.0 л (249 л.с.),дизель,АКПП,4WD,133 000 км,7 500 000,Новочебоксарск
BMW 3-Series,2002,2.0 л (143 л.с.),бензин,АКПП,задний,209 855 км,800 000,Барнаул
BMW 1-Series,2019,1.5 л (140 л.с.),бензин,робот,передний,70 000 км,2 200 000,Иркутск
BMW 2-Series Active Tourer,2014,1.5 л (136 л.с.),бензин,АКПП,передний,125 000 км,1 150 000,Севастополь
BMW X4,2019,2.0 л (190 л.с.),дизель,АКПП,4WD,74 715 км,4 129 000,Санкт-Петербург
BMW i3,2018,170 л.с.,электро,АКПП,задний,47 988 км,1 900 000,Москва
BMW 5-Series,1997,2.5 л (170 л.с.),бензин,механика,задний,462 000 км,430 000,Северодвинск
BMW X7,2023,3.0 л (340 л.с.),дизель,автомат,4WD,24 600 км,13 580 000,Москва
BMW 5-Series,2013,2.0 л (184 л.с.),бензин,АКПП,задний,250 000 км,1 500 000,Санкт-Петербург
BMW 5-Series,2018,2.0 л (190 л.с.),дизель,АКПП,4WD,123 420 км,3 575 000,Москва
BMW 7-Series,2002,3.0 л (218 л.с.),дизель,АКПП,задний,500 000 км,750 000,Шадринск
BMW 5-Series,2008,3.0 л (231 л.с.),бензин,АКПП,4WD,260 000 км,1 599 999,Белово
BMW 3-Series,2008,2.5 л (218 л.с.),бензин,АКПП,4WD,171 000 км,1 400 000,Кемерово
BMW M5,2021,4.4 л (635 л.с.),бензин,АКПП,4WD,2 990 км,17 250 000,Екатеринбург
BMW X5,2017,3.0 л (249 л.с.),дизель,АКПП,4WD,109 800 км,4 200 000,Москва
BMW 5-Series,1997,2.0 л (150 л.с.),бензин,механика,задний,866 526 км,300 000,Калининск
BMW X4,2017,2.0 л (245 л.с.),бензин,АКПП,4WD,119 427 км,3 300 000,Тольятти
BMW i3,2018,170 л.с.,электро,АКПП,задний,92 432 км,1 900 000,Москва
BMW X3,2021,3.0 л (249 л.с.),дизель,АКПП,4WD,150 000 км,6 700 000,Тюмень
BMW 5-Series,2018,3.0 л (400 л.с.),дизель,АКПП,4WD,70 000 км,7 280 000,Владивосток
BMW X1,2012,2.0 л (150 л.с.),бензин,АКПП,задний,178 000 км,1 150 000,Москва
BMW 5-Series,2005,2.5 л (218 л.с.),бензин,АКПП,задний,330 000 км,950 000,Дзержинск
BMW X5,2014,3.0 л (306 л.с.),бензин,АКПП,4WD,196 500 км,2 390 000,Омск
BMW M3,2022,3.0 л (510 л.с.),бензин,автомат,4WD,9 250 км,11 900 000,Москва
BMW X7,2025,3.0 л (381 л.с.),гибрид,АКПП,4WD,N/A,16 900 000,Москва
BMW X3,2018,2.0 л (190 л.с.),дизель,АКПП,4WD,117 000 км,3 760 000,Голубицкая
BMW 5-Series,2002,2.5 л (163 л.с.),дизель,механика,задний,519 000 км,700 000,Бузулук
BMW X2,2018,2.0 л (190 л.с.),дизель,АКПП,4WD,154 000 км,2 950 000,Донецк
BMW X5,2010,3.0 л (235 л.с.),дизель,АКПП,4WD,331 000 км,1 800 000,Москва
