title,price,year,body_type,volume,fuel,gearbox,type
BMW X5,8 000 000 ₸,2013,кроссовер,3,бензин,автомат,Б/у
BMW 535,10 500 000 ₸,2012,седан,3,бензин,автомат,Б/у
BMW 528,1 435 555 ₸,1991,седан,2.8,бензин,механика,Б/у
BMW X6,27 100 000 ₸,На заказ,г.,Б/у кроссовер,3 л,бензин,2022
BMW X5,13 500 000 ₸,2014,кроссовер,3,бензин,автомат,Б/у
BMW 316,650 000 ₸,1994,купе,1.6,бензин,механика,Б/у
BMW 840,45 000 000 ₸,2020,седан,3,бензин,автомат,Б/у
BMW 520,650 000 ₸,1991,седан,2,бензин,механика,Б/у
BMW 730,3 400 000 ₸,1994,седан,3,бензин,автомат,Б/у
BMW 528,2 400 000 ₸,1989,седан,2.8,газ-бензин,механика,Б/у
BMW 525,1 500 000 ₸,1993,седан,2.5,бензин,механика,Б/у
BMW M5,48 000 000 ₸,2019,седан,4.4,бензин,автомат,Б/у
BMW 530,5 600 000 ₸,2006,седан,3,бензин,автомат,Б/у
BMW 530,17 700 000 ₸,2017,седан,2,бензин,автомат,Б/у
BMW 318,2 000 000 ₸,1992,седан,1.8,бензин,автомат,Б/у
BMW X6,9 700 000 ₸,2009,кроссовер,3,бензин,автомат,Б/у
BMW 520,1 000 000 ₸,1988,седан,2,бензин,автомат,Б/у
BMW X6,10 300 000 ₸,2012,кроссовер,3,бензин,автомат,Б/у
BMW 520,1 350 000 ₸,1993,седан,2,бензин,автомат,Б/у
BMW X4,17 500 000 ₸,2014,кроссовер,2,бензин,автомат,Б/у
BMW 745,3 500 000 ₸,2002,седан,4.4,бензин,автомат,Б/у
BMW 525,3 500 000 ₸,1999,седан,2.5,бензин,автомат,Б/у
BMW X7,75 000 000 ₸,2023,кроссовер,4.4,бензин,автомат,Б/у
BMW 320,1 900 000 ₸,1991,седан,2,бензин,механика,Б/у
BMW 740,39 900 000 ₸,2021,седан,3,бензин,автомат,Б/у
BMW 740,4 000 000 ₸,2008,седан,4,газ-бензин,автомат,Б/у
BMW 520,1 000 000 ₸,1984,седан,2,бензин,механика,Б/у
BMW X5,47 100 000 ₸,2023,кроссовер,3,бензин,автомат,Б/у
BMW X5,6 000 000 ₸,2003,кроссовер,3,бензин,автомат,Б/у
BMW 540,37 999 999 ₸,2017,седан,3,бензин,автомат,Б/у
BMW 323,1 800 000 ₸,1991,седан,2.5,бензин,Правый руль,Б/у
BMW X5,18 000 000 ₸,2016,кроссовер,3,бензин,автомат,Б/у
BMW 525,2 900 000 ₸,2000,седан,2.5,бензин,механика,Б/у
BMW 530,25 500 000 ₸,2020,седан,2,бензин,автомат,Б/у
BMW X3,12 000 000 ₸,2014,кроссовер,2,бензин,автомат,Б/у
BMW 535,7 200 000 ₸,2014,седан,3,бензин,автомат,Б/у
BMW X3,22 800 000 ₸,2022,кроссовер,2,бензин,автомат,Б/у
BMW 318,1 100 000 ₸,1991,седан,1.8,бензин,механика,Б/у
BMW X7,68 000 000 ₸,2023,кроссовер,4.4,бензин,автомат,Б/у
BMW X5,14 000 000 ₸,2014,кроссовер,3,бензин,автомат,Б/у
BMW 5 серия,26 000 000 ₸,2023,седан,2,бензин,автомат,Б/у
BMW 525,36 000 000 ₸,2025,седан,2,бензин,автомат,Б/у
BMW X5,5 900 000 ₸,2004,кроссовер,3,бензин,автомат,Б/у
BMW 528,2 500 000 ₸,1997,седан,2.8,бензин,автомат,Б/у
BMW 530,16 850 000 ₸,2017,седан,2,бензин,автомат,Б/у
BMW 320,3 350 000 ₸,На заказ,г.,Б/у седан,2.2 л,бензин,2000
BMW 530,38 000 000 ₸,2023,седан,2,бензин,автомат,Б/у
BMW 530,6 500 000 ₸,2003,седан,3,бензин,автомат,Б/у
BMW 525,2 200 000 ₸,1997,седан,2.5,бензин,механика,Б/у
BMW 316,4 000 000 ₸,1990,купе,1.6,бензин,механика,Б/у
BMW 530,2 700 000 ₸,1992,седан,3,бензин,механика,Б/у
BMW 320,3 800 000 ₸,2002,седан,2,бензин,механика,Б/у
BMW 750,5 500 000 ₸,1996,седан,5.4,бензин,автомат,Б/у
BMW 325,1 500 000 ₸,1996,седан,2.5,бензин,механика,Б/у
BMW 530,17 300 000 ₸,2017,седан,2,бензин,автомат,Б/у
BMW X5,5 000 000 ₸,2000,кроссовер,4.4,бензин,автомат,Б/у
BMW 520,2 200 000 ₸,1996,седан,2,бензин,механика,Б/у
BMW 530,17 300 000 ₸,2017,седан,2,бензин,автомат,Б/у
BMW 520,2 000 000 ₸,1997,седан,2,бензин,механика,Б/у
BMW X5,5 500 000 ₸,2002,кроссовер,3,бензин,автомат,Б/у
BMW 530,17 300 000 ₸,2017,седан,2,бензин,автомат,Б/у
BMW X6,9 000 000 ₸,2008,кроссовер,3,бензин,автомат,Б/у
BMW X5,4 999 999 ₸,2001,кроссовер,3,бензин,автомат,Б/у
BMW 528,12 000 000 ₸,2014,седан,2,бензин,автомат,Б/у
BMW 328,1 300 000 ₸,1995,седан,2.8,бензин,механика,Б/у
BMW 318,1 100 000 ₸,1992,седан,1.8,бензин,механика,Б/у
BMW X5,4 300 000 ₸,2003,кроссовер,3,бензин,автомат,Б/у
BMW 328,4 270 000 ₸,1999,седан,2.8,бензин,автомат,Б/у
BMW 520,1 100 000 ₸,1991,седан,2,бензин,механика,Б/у
BMW X5,8 100 000 ₸,2007,кроссовер,4.8,бензин,автомат,Б/у
BMW 525,2 900 000 ₸,2001,седан,2.5,бензин,автомат,Б/у
BMW 520,2 000 000 ₸,1994,седан,1.8,бензин,механика,Б/у
BMW 525,1 000 000 ₸,1991,седан,2.5,бензин,механика,Б/у
BMW 730,5 800 000 ₸,2006,седан,3,бензин,автомат,Б/у
BMW 218,20 000 000 ₸,2023,седан,1.5,бензин,робот,Б/у
BMW iX,50 000 000 ₸,2023,кроссовер,эектричество,КПП автомат,с пробегом 13 000 км,Б/у
BMW 325,1 800 000 ₸,1991,седан,2.5,бензин,механика,Б/у
BMW 520,1 200 000 ₸,1993,седан,2,бензин,механика,Б/у
BMW 320,1 600 000 ₸,1992,седан,2,бензин,механика,Б/у
BMW X5,20 000 000 ₸,2013,кроссовер,4.4,бензин,автомат,Б/у
BMW 330,9 000 000 ₸,2015,седан,2,бензин,автомат,Б/у
BMW 520,1 800 000 ₸,1990,седан,2,бензин,механика,Б/у
BMW 525,1 100 000 ₸,1995,универсал,2.5,бензин,автомат,Б/у
BMW 528,7 200 000 ₸,2010,седан,3,бензин,автомат,Б/у
BMW X6,45 000 000 ₸,2021,кроссовер,3,бензин,автомат,Б/у
BMW 330,3 000 000 ₸,1995,купе,3,бензин,автомат,Б/у
BMW 520,10 500 000 ₸,2013,седан,2,бензин,автомат,Б/у
BMW 525,1 000 000 ₸,1992,седан,2.5,бензин,автомат,Б/у
BMW 528,2 250 000 ₸,1996,седан,2.8,бензин,механика,Б/у
BMW X5,12 879 750 ₸,2017,кроссовер,3,бензин,автомат,Б/у
BMW X5,6 000 000 ₸,2001,кроссовер,4.6,бензин,автомат,Б/у
BMW 520,1 200 000 ₸,На заказ,г.,Б/у седан,2 л,бензин,1990
BMW 320,3 000 000 ₸,1999,седан,2,бензин,механика,Б/у
BMW 525,1 000 000 ₸,1992,седан,2.5,бензин,автомат,Б/у
BMW X5,5 200 000 ₸,2002,кроссовер,3,бензин,автомат,Б/у
BMW X5,4 500 000 ₸,2001,кроссовер,3,бензин,автомат,Б/у
BMW 530,2 500 000 ₸,1999,седан,3,бензин,автомат,Б/у
BMW 528,10 500 000 ₸,2014,седан,2,бензин,автомат,Б/у
BMW X5,8 000 000 ₸,2007,кроссовер,3,бензин,автомат,Б/у
BMW 520,2 200 000 ₸,1992,седан,2,бензин,автомат,Б/у
BMW 530,24 000 000 ₸,2021,седан,2,бензин,автомат,Б/у
BMW 330,3 400 000 ₸,2001,седан,3,бензин,автомат,Б/у
BMW 320,900 000 ₸,1992,седан,2,бензин,механика,Б/у
BMW 730,1 350 000 ₸,1991,седан,3,бензин,механика,Б/у
BMW 528,2 100 000 ₸,1996,седан,2.8,бензин,автомат,Б/у
BMW M5,66 000 000 ₸,2023,седан,4.4,бензин,автомат,Б/у
BMW i5,27 500 000 ₸,2024,седан,эектричество,КПП автомат,с пробегом 15 700 км,Б/у
BMW 520,3 500 000 ₸,1995,седан,2,бензин,механика,Б/у
BMW 520,1 650 000 ₸,1992,седан,2,бензин,механика,Б/у
BMW X5,7 999 999 ₸,2008,кроссовер,4.8,бензин,автомат,Б/у
BMW X5,30 500 000 ₸,2019,кроссовер,3,бензин,автомат,Б/у
BMW 528,7 500 000 ₸,2009,седан,3,бензин,автомат,Б/у
BMW X5,18 800 000 ₸,2016,кроссовер,3,бензин,автомат,Б/у
BMW 730,3 000 000 ₸,1995,седан,3,бензин,автомат,Б/у
BMW X5,17 500 000 ₸,2017,кроссовер,3,бензин,автомат,Б/у
BMW 520,800 000 ₸,1990,седан,2,бензин,механика,Б/у
BMW 330,1 450 000 ₸,1994,седан,2,бензин,механика,Б/у
BMW 520,2 700 000 ₸,1997,седан,2,бензин,автомат,Б/у
BMW 525,1 750 000 ₸,1994,седан,2.5,бензин,механика,Б/у
BMW 520,900 000 ₸,1992,седан,2,бензин,механика,Б/у
BMW 520,2 700 000 ₸,1998,седан,2.5,бензин,механика,Б/у
BMW 525,1 600 000 ₸,1992,седан,2.5,бензин,механика,Б/у
BMW 728,3 500 000 ₸,1997,седан,2.8,бензин,автомат,Б/у
BMW 520,12 000 000 ₸,2014,седан,2,бензин,автомат,Б/у
BMW 528,3 200 000 ₸,1997,седан,2.8,бензин,автомат,Б/у
BMW 740,5 500 000 ₸,1999,седан,4.4,бензин,автомат,Б/у
BMW 325,1 150 000 ₸,1991,седан,2.5,бензин,механика,Б/у
BMW 730,1 500 000 ₸,1993,седан,3,бензин,автомат,Б/у
BMW X5,41 500 000 ₸,2021,кроссовер,3,бензин,автомат,Б/у
BMW X5,19 900 000 ₸,2016,кроссовер,3,бензин,автомат,Б/у
BMW 520,550 000 ₸,1993,седан,2,бензин,механика,Б/у
BMW 525,1 100 000 ₸,1991,седан,2.5,бензин,механика,Б/у
BMW iX3,24 000 000 ₸,2024,кроссовер,эектричество,КПП автомат,с пробегом 14 000 км,Б/у
BMW 730,21 800 000 ₸,2017,седан,2,бензин,автомат,Б/у
BMW X5 M,27 500 000 ₸,2015,кроссовер,4.4,бензин,робот,Б/у
BMW 540,22 000 000 ₸,2017,седан,3,бензин,автомат,Б/у
BMW X5,28 000 000 ₸,2018,кроссовер,3,бензин,автомат,Б/у
BMW 330,9 500 000 ₸,2007,кабриолет,3,бензин,автомат,Б/у
BMW 525,1 800 000 ₸,1994,седан,2.5,бензин,автомат,Б/у
BMW X5,7 500 000 ₸,2008,кроссовер,4.8,бензин,автомат,Б/у
BMW 528,3 000 000 ₸,1997,седан,2.8,бензин,автомат,Б/у
BMW 520,400 000 ₸,1992,седан,2,бензин,механика,Б/у
BMW 528,11 500 000 ₸,На заказ,г.,Б/у седан,2 л,бензин,2014
BMW 318,999 999 ₸,1995,седан,1.8,бензин,механика,Б/у
BMW 528,3 300 000 ₸,1997,седан,2.8,бензин,автомат,Б/у
BMW 525,1 000 000 ₸,1991,седан,2.5,бензин,механика,Б/у
BMW 530,16 500 000 ₸,2018,седан,2,бензин,автомат,Б/у
BMW 328,2 000 000 ₸,1991,седан,2.8,бензин,механика,Б/у
BMW 520,1 250 000 ₸,1995,седан,2,бензин,механика,Б/у
BMW X7,75 000 000 ₸,2024,кроссовер,3,бензин,автомат,Б/у
BMW 525,4 547 500 ₸,2006,седан,2.5,бензин,автомат,Б/у
BMW 520,18 000 000 ₸,2018,седан,2,бензин,автомат,Б/у
BMW 540,20 500 000 ₸,2019,седан,3,бензин,автомат,Б/у
BMW 530,16 500 000 ₸,2018,седан,2,бензин,автомат,Б/у
BMW 728,2 700 000 ₸,1996,седан,2.8,бензин,автомат,Б/у
BMW X7,36 000 000 ₸,2020,кроссовер,3,бензин,автомат,Б/у
BMW X5,68 000 000 ₸,2025,кроссовер,3,бензин,автомат,Б/у
BMW 728,700 000 ₸,1996,седан,2.8,бензин,автомат,Б/у
BMW X5,7 500 000 ₸,2008,кроссовер,4.8,бензин,автомат,Б/у
BMW 518,900 000 ₸,1994,седан,1.8,бензин,механика,Б/у
BMW 740,4 000 000 ₸,1994,седан,4.4,бензин,автомат,Б/у
BMW 520,1 900 000 ₸,1994,седан,2,бензин,механика,Б/у
BMW 318,2 200 000 ₸,1998,седан,1.9,бензин,механика,Б/у
BMW 760,10 000 000 ₸,2009,седан,6,бензин,автомат,Б/у
BMW X5,20 000 000 ₸,2016,кроссовер,3,бензин,автомат,Б/у
BMW X5,31 000 000 ₸,2018,кроссовер,3,бензин,автомат,Б/у
BMW 228,19 500 000 ₸,2020,седан,2,бензин,автомат,Б/у
BMW 530,29 800 000 ₸,2022,седан,2,бензин,автомат,Б/у
BMW 323,3 000 000 ₸,1999,седан,2.5,бензин,автомат,Б/у
BMW X6,17 500 000 ₸,2016,кроссовер,3,бензин,автомат,Б/у
BMW 325,3 200 000 ₸,1998,седан,2.5,бензин,автомат,Б/у
BMW 318,900 000 ₸,1994,седан,1.8,бензин,механика,Б/у
BMW 528,2 000 000 ₸,1984,седан,2.8,бензин,механика,Б/у
BMW 328,2 000 000 ₸,1996,седан,2.8,бензин,автомат,Б/у
BMW 530,5 000 000 ₸,2002,седан,3,бензин,автомат,Б/у
BMW 728,2 350 000 ₸,1995,седан,2.8,бензин,автомат,Б/у
BMW 530,3 144 999 ₸,2003,седан,3,бензин,автомат,Б/у
BMW 740,24 999 999 ₸,2019,седан,3,бензин,автомат,Б/у
BMW 318,1 700 000 ₸,1993,седан,1.8,бензин,механика,Б/у
BMW 328,5 300 000 ₸,2011,седан,3,бензин,автомат,Б/у
BMW 525,1 900 000 ₸,1993,седан,2.5,бензин,автомат,Б/у
BMW 528,7 500 000 ₸,2015,седан,2,бензин,автомат,Б/у
BMW 440,37 000 000 ₸,2024,лифтбек,3,бензин,автомат,Б/у
BMW 740,61 000 000 ₸,2023,седан,3,бензин,автомат,Б/у
BMW 328,3 600 000 ₸,1998,седан,2.8,бензин,автомат,Б/у
BMW 550,25 000 000 ₸,2018,седан,4.4,бензин,автомат,Б/у
BMW 525,2 500 000 ₸,1994,седан,2.5,бензин,автомат,Б/у
BMW 528,7 800 000 ₸,2010,седан,3,бензин,автомат,Б/у
BMW 320,1 500 000 ₸,1996,седан,2,бензин,механика,Б/у
BMW 530,6 000 000 ₸,2004,седан,3,бензин,автомат,Б/у
BMW 320,7 500 000 ₸,2015,седан,2,бензин,автомат,Б/у
BMW 525,800 000 ₸,1993,седан,2.5,бензин,механика,Б/у
BMW X7,55 000 000 ₸,2023,кроссовер,3,бензин,автомат,Б/у
BMW 525,3 000 000 ₸,1993,седан,2.5,бензин,механика,Б/у
BMW X7,50 000 000 ₸,2021,кроссовер,3,бензин,автомат,Б/у
BMW 730,600 000 ₸,1992,седан,3,бензин,механика,Б/у
BMW 535,5 500 000 ₸,2000,седан,3.5,бензин,автомат,Б/у
BMW X5,16 500 000 ₸,2014,кроссовер,3,бензин,автомат,Б/у
BMW 435,15 000 000 ₸,2015,купе,3,бензин,автомат,Б/у
BMW X7,38 000 000 ₸,2021,кроссовер,3,бензин,автомат,Б/у
BMW 728,4 200 000 ₸,1996,седан,2.8,бензин,автомат,Б/у
BMW X5,9 000 000 ₸,2008,кроссовер,3,дизель,автомат,Б/у
BMW 525,1 400 000 ₸,1991,седан,2.5,бензин,механика,Б/у
BMW 535,15 000 000 ₸,2016,седан,3,бензин,автомат,Б/у
BMW X6,17 500 000 ₸,2013,кроссовер,4.4,бензин,автомат,Б/у
BMW 325,1 100 000 ₸,1991,седан,2.5,бензин,механика,Б/у
BMW 218,22 000 000 ₸,2023,седан,1.5,бензин,робот,Б/у
BMW 318,950 000 ₸,1994,седан,1.8,бензин,механика,Б/у
BMW X5,10 000 000 ₸,2007,кроссовер,3,бензин,автомат,Б/у
BMW 535,7 800 000 ₸,2014,седан,3,бензин,автомат,Б/у
BMW 320,10 500 000 ₸,2013,седан,2,бензин,автомат,Б/у
BMW 523,4 000 000 ₸,1997,седан,2.5,бензин,автомат,Б/у
BMW X5,6 700 000 ₸,2006,кроссовер,4.4,бензин,автомат,Б/у
BMW 530,6 100 000 ₸,2003,седан,3,бензин,автомат,Б/у
BMW 728,2 800 000 ₸,1997,седан,2.8,бензин,автомат,Б/у
BMW 520,2 570 000 ₸,1992,седан,2,бензин,механика,Б/у
BMW 525,1 400 000 ₸,1991,седан,2.5,бензин,механика,Б/у
BMW 530,6 500 000 ₸,2007,седан,3,бензин,автомат,Б/у
BMW 535,9 100 000 ₸,2013,седан,3,бензин,автомат,Б/у
BMW X3,5 650 000 ₸,2006,кроссовер,2.5,бензин,автомат,Б/у
BMW X7,55 000 000 ₸,2020,кроссовер,4.4,бензин,автомат,Б/у
BMW X5,39 000 000 ₸,2022,кроссовер,3,бензин,автомат,Б/у
BMW M5,66 000 000 ₸,2023,седан,4.4,бензин,автомат,Б/у
BMW X5,4 750 000 ₸,2001,кроссовер,3,бензин,автомат,Б/у
BMW 535,11 800 000 ₸,2013,седан,3,бензин,автомат,Б/у
BMW 320,9 657 142 ₸,2015,седан,2,бензин,автомат,Б/у
BMW 525,2 500 000 ₸,1993,седан,2.5,бензин,автомат,Б/у
BMW 850,75 000 000 ₸,1993,купе,5,бензин,механика,Б/у
BMW 525,2 900 000 ₸,1996,седан,2.5,бензин,автомат,Б/у
BMW 730,850 000 ₸,1991,седан,3,бензин,автомат,Б/у
BMW 535,8 650 000 ₸,2016,седан,3,бензин,автомат,Б/у
BMW X5,6 500 000 ₸,2007,кроссовер,4.8,бензин,автомат,Б/у
BMW X6,9 300 000 ₸,2009,кроссовер,3,бензин,автомат,Б/у
BMW 525,1 650 000 ₸,1993,седан,2.5,дизель,механика,Б/у
BMW 525,1 500 000 ₸,1992,седан,2.5,бензин,механика,Б/у
BMW X5,14 500 000 ₸,2014,кроссовер,3,бензин,автомат,Б/у
BMW 750,29 900 000 ₸,2017,седан,4.4,бензин,автомат,Б/у
BMW X5,7 500 000 ₸,2003,кроссовер,4.4,бензин,автомат,Б/у
BMW i3,19 000 000 ₸,2023,седан,эектричество,КПП автомат,с пробегом 28 755 км,Б/у
BMW X5,10 400 000 ₸,2011,кроссовер,3,бензин,автомат,Б/у
BMW 328,2 350 000 ₸,1996,седан,2.8,бензин,автомат,Б/у
BMW 520,1 200 000 ₸,На заказ,г.,Б/у седан,2 л,бензин,1989
BMW X5,67 000 000 ₸,2024,кроссовер,3,гибрид,автомат,Б/у
BMW 735,3 000 000 ₸,2002,седан,3.6,бензин,автомат,Б/у
BMW 525,1 800 000 ₸,1995,седан,2.5,бензин,автомат,Б/у
BMW 530,6 000 000 ₸,2006,седан,3,бензин,автомат,Б/у
BMW 730,2 000 000 ₸,1995,седан,3,бензин,механика,Б/у
BMW 520,800 000 ₸,1991,седан,2,бензин,механика,Б/у
BMW 320,4 000 000 ₸,2001,седан,2.2,бензин,автомат,Б/у
BMW X5,8 300 000 ₸,2007,кроссовер,3,бензин,автомат,Б/у
BMW 520,2 200 000 ₸,1991,седан,2,бензин,механика,Б/у
BMW 540,21 000 000 ₸,2018,седан,3,бензин,автомат,Б/у
BMW 325,3 800 000 ₸,2004,седан,2.5,бензин,автомат,Б/у
BMW 525,850 000 ₸,1991,седан,2.5,бензин,механика,Б/у
BMW 430,14 500 000 ₸,2017,лифтбек,2,бензин,автомат,Б/у
BMW 323,2 300 000 ₸,1996,седан,2.5,бензин,механика,Б/у
BMW 330,2 700 000 ₸,2002,седан,3,бензин,механика,Б/у
BMW X6,10 500 000 ₸,2010,кроссовер,3,бензин,автомат,Б/у
BMW 325,6 000 000 ₸,2006,седан,2.5,бензин,автомат,Б/у
BMW X5,15 500 000 ₸,2016,кроссовер,3,бензин,автомат,Б/у
BMW X6,19 500 000 ₸,2018,кроссовер,3,бензин,автомат,Б/у
BMW X6,19 500 000 ₸,2018,кроссовер,3,бензин,автомат,Б/у
BMW 528,10 500 000 ₸,2015,седан,2,бензин,автомат,Б/у
BMW X5,38 000 000 ₸,2024,кроссовер,3,бензин,автомат,Б/у
BMW 750,5 550 000 ₸,2006,седан,4.8,бензин,автомат,Б/у
BMW 518,1 600 000 ₸,1991,седан,1.8,бензин,механика,Б/у
BMW 540,5 500 000 ₸,1992,универсал,4.6,бензин,механика,Б/у
BMW X6,9 000 000 ₸,2010,кроссовер,3,дизель,автомат,Б/у
BMW 328,1 700 000 ₸,1993,седан,2.8,бензин,механика,Б/у
BMW 530,16 900 000 ₸,2017,седан,2,бензин,автомат,Б/у
BMW 528,3 000 000 ₸,1997,седан,2.8,бензин,автомат,Б/у
BMW 525,1 400 000 ₸,1997,седан,2.5,бензин,механика,Б/у
BMW 525,1 800 000 ₸,1994,седан,2.8,бензин,механика,Б/у
BMW X5,17 200 000 ₸,2018,кроссовер,3,бензин,автомат,Б/у
BMW 328,2 700 000 ₸,1996,седан,2.8,бензин,автомат,Б/у
BMW X5,17 000 000 ₸,2014,кроссовер,3,бензин,автомат,Б/у
BMW 528,11 700 000 ₸,2015,седан,2,бензин,автомат,Б/у
BMW X5,9 200 000 ₸,2015,кроссовер,3,бензин,автомат,Б/у
BMW 520,1 300 000 ₸,1993,седан,2,бензин,механика,Б/у
BMW 528,3 200 000 ₸,1996,седан,2.8,бензин,механика,Б/у
BMW 530,18 000 000 ₸,2018,седан,2,бензин,автомат,Б/у
BMW X5,7 000 000 ₸,2012,кроссовер,3,бензин,автомат,Б/у
BMW 530,2 500 000 ₸,1993,седан,3,газ-бензин,автомат,Б/у
BMW X3,31 000 000 ₸,2022,кроссовер,2,бензин,автомат,Б/у
BMW X5,52 000 000 ₸,2023,кроссовер,3,бензин,автомат,Б/у
BMW 520,2 600 000 ₸,1994,седан,2,бензин,автомат,Б/у
BMW X7,42 000 000 ₸,2022,кроссовер,3,бензин,автомат,Б/у
BMW 535,13 500 000 ₸,2010,седан,3,бензин,автомат,Б/у
BMW 525,3 500 000 ₸,1993,седан,2.5,бензин,автомат,Б/у
BMW X5,18 000 000 ₸,2016,кроссовер,4.4,бензин,автомат,Б/у
BMW 525,1 500 000 ₸,1993,седан,2.5,бензин,механика,Б/у
BMW 540,16 000 000 ₸,2017,седан,3,бензин,автомат,Б/у
BMW 530,6 500 000 ₸,2003,седан,3,бензин,автомат,Б/у
BMW X5,4 000 000 ₸,2000,кроссовер,4.4,бензин,автомат,Б/у
BMW 325,1 111 111 ₸,1992,седан,2.5,бензин,механика,Б/у
BMW 528,2 500 000 ₸,1997,седан,2.8,бензин,автомат,Б/у
BMW X6,8 000 000 ₸,2008,кроссовер,3,бензин,автомат,Б/у
BMW 525,5 000 000 ₸,2003,универсал,2.5,бензин,автомат,Б/у
BMW X5,5 200 000 ₸,2002,кроссовер,3,бензин,автомат,Б/у
BMW X5,4 500 000 ₸,2004,кроссовер,4.4,бензин,автомат,Б/у
BMW 520,2 900 000 ₸,1996,седан,2,бензин,механика,Б/у
BMW X5,11 000 000 ₸,2010,кроссовер,3,бензин,автомат,Б/у
BMW Gran Turismo,8 500 000 ₸,2009,лифтбек,3,бензин,автомат,Б/у
BMW 530,6 000 000 ₸,2007,седан,3,бензин,автомат,Б/у
BMW 740,9 800 000 ₸,2010,седан,3,бензин,автомат,Б/у
BMW X5,10 200 000 ₸,2011,кроссовер,3,бензин,автомат,Б/у
BMW 520,1 350 000 ₸,1992,седан,2,бензин,механика,Б/у
BMW 730,5 400 000 ₸,2006,седан,3,бензин,автомат,Б/у
BMW 525,1 700 000 ₸,1992,седан,2.5,бензин,механика,Б/у
BMW 520,21 500 000 ₸,2022,седан,2,бензин,автомат,Б/у
BMW 525,2 700 000 ₸,1999,седан,2.5,бензин,механика,Б/у
BMW 528,2 200 000 ₸,1991,седан,2.8,бензин,механика,Б/у
BMW X5,60 999 999 ₸,2024,кроссовер,3,бензин,автомат,Б/у
BMW 530,16 500 000 ₸,2017,седан,2,бензин,автомат,Б/у
BMW X6,18 500 000 ₸,2016,кроссовер,3,бензин,автомат,Б/у
BMW 520,2 500 000 ₸,1992,седан,2,бензин,механика,Б/у
BMW 520,2 500 000 ₸,1995,седан,2,бензин,автомат,Б/у
BMW X5,16 500 000 ₸,2014,кроссовер,3,бензин,автомат,Б/у
BMW 525,2 800 000 ₸,1993,седан,2.5,бензин,механика,Б/у
BMW 530,16 800 000 ₸,2017,седан,2,бензин,автомат,Б/у
BMW X5,46 000 000 ₸,2023,кроссовер,3,бензин,автомат,Б/у
BMW 520,1 550 000 ₸,1993,седан,2,бензин,механика,Б/у
BMW 528,9 000 000 ₸,2014,седан,2,бензин,автомат,Б/у
BMW 540,4 800 000 ₸,1993,седан,4,бензин,механика,Б/у
BMW 525,2 800 000 ₸,1983,седан,2.5,бензин,механика,Б/у
BMW 435,14 500 000 ₸,2015,лифтбек,3,бензин,автомат,Б/у
BMW 320,1 000 000 ₸,1992,седан,2,бензин,механика,Б/у
BMW X7,74 000 000 ₸,2024,кроссовер,3,бензин,автомат,Б/у
BMW 530,4 900 000 ₸,2000,седан,3,бензин,автомат,Б/у
BMW 528,2 000 000 ₸,1996,седан,2.8,бензин,автомат,Б/у
BMW 525,2 200 000 ₸,1991,седан,2.5,бензин,механика,Б/у
BMW 318,850 000 ₸,1990,седан,1.8,бензин,механика,Б/у
BMW i3,10 824 890 ₸,2022,седан,эектричество,КПП автомат,с пробегом 9 000 км,Б/у
BMW 525,1 400 000 ₸,1991,седан,2.5,бензин,механика,Б/у
BMW X1,24 000 000 ₸,2024,кроссовер,2,бензин,робот,Б/у
BMW 525,3 850 000 ₸,2001,седан,2.5,бензин,автомат,Б/у
BMW X6,20 000 000 ₸,2015,кроссовер,4.4,бензин,автомат,Б/у
BMW 520,1 200 000 ₸,1991,седан,2,бензин,механика,Б/у
BMW 540,29 999 999 ₸,2021,седан,3,бензин,автомат,Б/у
BMW 318,2 500 000 ₸,2000,седан,1.9,бензин,механика,Б/у
BMW 330,10 000 000 ₸,2017,седан,2,бензин,автомат,Б/у
BMW 530,6 200 000 ₸,2006,седан,3,бензин,автомат,Б/у
BMW 318,5 500 000 ₸,2003,седан,2,бензин,механика,Б/у
BMW 528,2 700 000 ₸,1997,седан,2.8,бензин,автомат,Б/у
BMW 728,3 000 000 ₸,2000,седан,2.8,бензин,автомат,Б/у
BMW 528,3 082 242 ₸,1998,седан,2.8,бензин,автомат,Б/у
BMW 318,5 100 000 ₸,2009,седан,2,бензин,автомат,Б/у
BMW 316,2 100 000 ₸,1995,седан,1.6,бензин,механика,Б/у
BMW 650,25 000 000 ₸,2013,седан,4.4,бензин,автомат,Б/у
BMW 520,2 500 000 ₸,1996,седан,2,бензин,механика,Б/у
BMW X5,5 200 000 ₸,2001,кроссовер,3,бензин,автомат,Б/у
BMW 650,25 000 000 ₸,2013,седан,4.4,бензин,автомат,Б/у
BMW 520,2 000 000 ₸,1996,седан,2,бензин,механика,Б/у
BMW 525,8 000 000 ₸,2008,седан,3,бензин,автомат,Б/у
BMW 525,7 500 000 ₸,На заказ,г.,Б/у седан,3 л,бензин,2008
BMW X3,35 000 000 ₸,2023,кроссовер,2,бензин,автомат,Б/у
BMW 730,23 300 000 ₸,2018,седан,3,дизель,автомат,Б/у
BMW 528,8 800 000 ₸,2010,седан,3,бензин,автомат,Б/у
BMW 118,3 500 000 ₸,2007,хэтчбек,2,бензин,автомат,Б/у
BMW 750,2 500 000 ₸,2012,седан,4.4,бензин,автомат,Б/у
BMW 750,2 500 000 ₸,2012,седан,4.4,бензин,автомат,Б/у
BMW 525,1 200 000 ₸,1992,седан,2.5,бензин,механика,Б/у
BMW X3,5 500 000 ₸,2004,кроссовер,3,бензин,автомат,Б/у
BMW X6 M,29 000 000 ₸,2016,кроссовер,4.4,бензин,автомат,Б/у
BMW 520,1 900 000 ₸,1994,седан,2,бензин,механика,Б/у
BMW 520,1 500 000 ₸,1992,седан,2,бензин,механика,Б/у
BMW 525,3 500 000 ₸,1996,седан,2.5,бензин,автомат,Б/у
BMW X5,41 500 000 ₸,2022,кроссовер,3,бензин,автомат,Б/у
BMW X5,16 500 000 ₸,2017,кроссовер,3,бензин,автомат,Б/у
BMW 520,850 000 ₸,1991,седан,2,бензин,механика,Б/у
BMW 525,1 999 999 ₸,1991,универсал,2.8,бензин,механика,Б/у
BMW 320,12 400 000 ₸,2017,седан,2,бензин,автомат,Б/у
BMW X5,6 500 000 ₸,2005,кроссовер,3,бензин,автомат,Б/у
BMW 528,7 200 000 ₸,2010,седан,3,бензин,автомат,Б/у
BMW 730,4 000 000 ₸,1995,седан,3,бензин,механика,Б/у
BMW 318,1 000 000 ₸,1993,седан,1.8,бензин,механика,Б/у
BMW 528,2 700 000 ₸,1998,седан,2.8,бензин,автомат,Б/у
BMW M8,67 000 000 ₸,2021,купе,4.4,бензин,автомат,Б/у
BMW 530,17 500 000 ₸,2018,седан,2,бензин,автомат,Б/у
BMW 750,5 500 000 ₸,2008,седан,4.8,бензин,автомат,Б/у
BMW X5,16 000 000 ₸,2015,кроссовер,3,бензин,автомат,Б/у
BMW 535,7 200 000 ₸,2016,седан,3,бензин,автомат,Б/у
BMW 520,850 000 ₸,1994,седан,2,бензин,механика,Б/у
BMW i5,60 000 000 ₸,2023,седан,эектричество,КПП автомат,с пробегом 13 000 км,Б/у
BMW 518,550 000 ₸,1993,седан,1.8,бензин,механика,Б/у
BMW 540,4 000 000 ₸,1996,седан,4.4,бензин,автомат,Б/у
BMW 525,2 400 000 ₸,1992,седан,2.5,бензин,механика,Б/у
BMW X5,5 500 000 ₸,2003,кроссовер,3,бензин,автомат,Б/у
BMW X5,4 000 000 ₸,2002,кроссовер,3,бензин,автомат,Б/у
BMW 520,1 000 000 ₸,1990,седан,2,бензин,механика,Б/у
BMW 320,1 500 000 ₸,1992,седан,2,бензин,механика,Б/у
BMW 525,2 500 000 ₸,1996,седан,2.5,бензин,автомат,Б/у
BMW 525,2 050 000 ₸,1994,седан,2.5,бензин,механика,Б/у
BMW 530,4 400 000 ₸,2002,седан,3,бензин,механика,Б/у
BMW X5,58 800 000 ₸,2024,кроссовер,3,бензин,автомат,Б/у
BMW 540,5 300 000 ₸,1994,седан,4.4,бензин,механика,Б/у
BMW 520,1 700 000 ₸,1994,седан,2,бензин,автомат,Б/у
BMW 528,11 000 000 ₸,2014,седан,2,бензин,автомат,Б/у
BMW 330,9 000 000 ₸,2016,седан,2,бензин,автомат,Б/у
BMW 520,1 500 000 ₸,1993,седан,2,бензин,механика,Б/у
BMW 530,24 000 000 ₸,2020,седан,2,бензин,автомат,Б/у
BMW X7,42 000 000 ₸,2019,кроссовер,3,бензин,автомат,Б/у
BMW X6,10 300 000 ₸,2013,кроссовер,3,бензин,автомат,Б/у
BMW X5 M,20 000 000 ₸,2010,кроссовер,4.4,бензин,автомат,Б/у
BMW 540,18 000 000 ₸,2017,седан,3,бензин,автомат,Б/у
BMW 525,1 350 000 ₸,1991,седан,2.5,бензин,механика,Б/у
BMW 735,4 000 000 ₸,2002,седан,3.6,бензин,автомат,Б/у
BMW 325,3 300 000 ₸,1999,седан,2.5,бензин,автомат,Б/у
BMW X6,50 000 000 ₸,2022,кроссовер,4.4,бензин,автомат,Б/у
BMW 540,5 500 000 ₸,1997,седан,4.4,бензин,автомат,Б/у
BMW 520,1 050 000 ₸,1991,седан,2,бензин,механика,Б/у
BMW 328,4 000 000 ₸,1998,седан,2.8,бензин,автомат,Б/у
BMW X5,10 400 000 ₸,2013,кроссовер,3,бензин,автомат,Б/у
BMW X5,7 300 000 ₸,2006,кроссовер,3,бензин,автомат,Б/у
BMW X6,12 500 000 ₸,2009,кроссовер,4.4,бензин,автомат,Б/у
BMW 525,1 750 000 ₸,1989,седан,2.5,бензин,механика,Б/у
BMW 520,8 000 000 ₸,2010,седан,2,бензин,автомат,Б/у
BMW 550,8 000 000 ₸,2003,седан,4.8,бензин,автомат,Б/у
BMW 530,10 000 000 ₸,2010,седан,3,бензин,автомат,Б/у
BMW 530,3 000 000 ₸,2008,седан,3,бензин,автомат,Б/у
BMW 330,6 800 000 ₸,2000,купе,3,бензин,автомат,Б/у
BMW X7,40 000 000 ₸,2020,кроссовер,3,бензин,автомат,Б/у
BMW 525,2 500 000 ₸,1993,седан,2.5,бензин,автомат,Б/у
BMW 735,4 500 000 ₸,2004,седан,3.6,бензин,автомат,Б/у
BMW X1,9 800 000 ₸,2018,кроссовер,1.5,бензин,робот,Б/у
BMW X5,33 590 000 ₸,2021,кроссовер,3,бензин,автомат,Б/у
BMW 535,13 000 000 ₸,2015,седан,3,бензин,автомат,Б/у
BMW 318,900 000 ₸,1994,хэтчбек,1.8,бензин,механика,Б/у
BMW 740,5 200 000 ₸,2007,седан,4,бензин,автомат,Б/у
BMW 520,1 150 000 ₸,1991,седан,2,бензин,механика,Б/у
BMW 740,10 000 000 ₸,2011,седан,3,бензин,автомат,Б/у
BMW 520,2 500 000 ₸,1994,седан,2,бензин,механика,Б/у
BMW 535,14 000 000 ₸,2014,седан,3,бензин,автомат,Б/у
BMW X5,9 500 000 ₸,2009,кроссовер,3,бензин,автомат,Б/у
BMW 528,2 850 000 ₸,1997,седан,2.8,бензин,автомат,Б/у
BMW 325,3 600 000 ₸,2001,седан,2.5,бензин,механика,Б/у
BMW 525,3 000 000 ₸,1994,универсал,2.5,бензин,автомат,Б/у
BMW 528,5 300 000 ₸,2013,седан,2,бензин,автомат,Б/у
BMW 525,6 000 000 ₸,2005,седан,2.5,бензин,автомат,Б/у
BMW 728,2 600 000 ₸,1996,седан,2.8,бензин,автомат,Б/у
BMW 528,10 300 000 ₸,2014,седан,2,бензин,автомат,Б/у
BMW X5,6 500 000 ₸,2004,кроссовер,3,бензин,автомат,Б/у
BMW X2,16 000 000 ₸,2023,кроссовер,2,бензин,робот,Б/у
BMW i3,13 900 000 ₸,2018,хэтчбек,0.7,гибрид,автомат,Б/у
BMW X6,10 000 000 ₸,2010,кроссовер,3,бензин,автомат,Б/у
BMW 328,2 200 000 ₸,1991,седан,2.8,бензин,механика,Б/у
BMW X5,4 300 000 ₸,2004,кроссовер,4.4,бензин,автомат,Б/у
BMW 528,9 500 000 ₸,2013,седан,2,бензин,автомат,Б/у
BMW X5,28 000 000 ₸,2019,кроссовер,3,бензин,автомат,Б/у
BMW X7,44 000 000 ₸,2021,кроссовер,3,бензин,автомат,Б/у
BMW 535,10 200 000 ₸,2010,седан,3,бензин,автомат,Б/у
BMW 530,5 500 000 ₸,2006,седан,3,бензин,автомат,Б/у
BMW 525,3 500 000 ₸,1995,седан,2.5,бензин,механика,Б/у
BMW 318,1 000 000 ₸,1990,купе,1.8,бензин,механика,Б/у
BMW 540,4 100 000 ₸,1995,седан,4,бензин,механика,Б/у
BMW iX1,17 500 000 ₸,2025,кроссовер,эектричество,КПП автомат,с пробегом 3 000 км,Б/у
BMW 530,4 300 000 ₸,2002,седан,3,бензин,механика,Б/у
BMW 735,4 000 000 ₸,2001,седан,3.6,бензин,автомат,Б/у
BMW X5,48 000 000 ₸,2022,кроссовер,3,бензин,автомат,Б/у
BMW 525,5 000 000 ₸,2003,седан,2.5,бензин,автомат,Б/у
BMW 528,6 300 000 ₸,2012,седан,2,бензин,автомат,Б/у
BMW M760,28 000 000 ₸,2018,седан,6.6,бензин,автомат,Б/у
BMW 525,2 300 000 ₸,1992,седан,2.5,бензин,механика,Б/у
BMW X3,4 700 000 ₸,2004,кроссовер,3,бензин,автомат,Б/у
BMW 520,1 500 000 ₸,1992,седан,2,бензин,механика,Б/у
BMW 728,3 200 000 ₸,1997,седан,2.8,бензин,автомат,Б/у
BMW 318,2 500 000 ₸,1992,седан,1.8,бензин,механика,Б/у
BMW X5,51 000 000 ₸,2021,кроссовер,4.4,бензин,автомат,Б/у
BMW 530,16 000 000 ₸,2017,седан,2,бензин,автомат,Б/у
BMW 528,3 000 000 ₸,1997,седан,2.8,бензин,автомат,Б/у
BMW 530,8 300 000 ₸,2004,седан,3,бензин,автомат,Б/у
BMW 525,2 500 000 ₸,1996,седан,2.5,бензин,механика,Б/у
BMW X7 M60i,79 000 000 ₸,На заказ,г.,Б/у кроссовер,4.4 л,бензин,2025
BMW X4 M,35 777 000 ₸,2021,кроссовер,3,бензин,автомат,Б/у
BMW 318,2 000 000 ₸,1991,седан,1.8,бензин,механика,Б/у
BMW X6,13 500 000 ₸,2013,кроссовер,3,бензин,автомат,Б/у
BMW X5,42 000 000 ₸,2023,кроссовер,3,бензин,автомат,Б/у
BMW 540,22 500 000 ₸,2019,седан,3,бензин,автомат,Б/у
BMW X5,15 500 000 ₸,2014,кроссовер,3,бензин,автомат,Б/у
BMW 540,3 900 000 ₸,1990,седан,4,бензин,механика,Б/у
BMW X5,34 500 000 ₸,2020,кроссовер,3,бензин,автомат,Б/у
BMW X5,8 500 000 ₸,2008,кроссовер,4.8,бензин,автомат,Б/у
BMW 745,4 000 000 ₸,2002,седан,4.4,бензин,автомат,Б/у
BMW 525,6 000 000 ₸,2006,седан,2.5,бензин,автомат,Б/у
BMW 530,7 500 000 ₸,2004,седан,3,бензин,автомат,Б/у
BMW 735,2 000 000 ₸,1994,седан,3.5,бензин,механика,Б/у
BMW X6,13 000 000 ₸,2011,кроссовер,3,бензин,автомат,Б/у
BMW 535,6 800 000 ₸,2013,седан,3,бензин,автомат,Б/у
BMW X5,5 440 000 ₸,2003,кроссовер,3,бензин,автомат,Б/у
BMW 528,2 900 000 ₸,1997,седан,2.8,бензин,механика,Б/у
BMW X5,23 000 000 ₸,2017,кроссовер,3,бензин,автомат,Б/у
BMW 525,2 000 000 ₸,1993,седан,2.5,бензин,механика,Б/у
BMW X5,14 000 000 ₸,2016,кроссовер,3,бензин,автомат,Б/у
BMW 525,3 500 000 ₸,1999,седан,2.5,бензин,автомат,Б/у
BMW X5,48 000 000 ₸,2021,кроссовер,4.4,бензин,автомат,Б/у
BMW X5,62 500 000 ₸,2024,кроссовер,3,бензин,автомат,Б/у
BMW 735,3 200 000 ₸,2002,седан,3.6,бензин,автомат,Б/у
BMW X5,18 900 000 ₸,2016,кроссовер,3,бензин,автомат,Б/у
BMW 735,4 500 000 ₸,1996,седан,3.5,бензин,автомат,Б/у
BMW X3,5 700 000 ₸,2007,кроссовер,3,бензин,автомат,Б/у
BMW 528,8 000 000 ₸,2009,седан,3,бензин,автомат,Б/у
BMW 535,9 900 000 ₸,2013,седан,3,бензин,автомат,Б/у
BMW X5,6 200 000 ₸,2005,кроссовер,3,дизель,автомат,Б/у
BMW X7 M60i,72 500 000 ₸,На заказ,г.,Б/у кроссовер,4.4 л,бензин,2025
BMW 540,4 500 000 ₸,1994,универсал,4.3,бензин,автомат,Б/у
BMW X5,8 700 000 ₸,2007,кроссовер,4.8,бензин,автомат,Б/у
BMW X5,11 000 000 ₸,2011,кроссовер,3,бензин,автомат,Б/у
BMW 530,38 000 000 ₸,2024,седан,2,бензин,автомат,Б/у
BMW X6 M,120 000 000 ₸,2024,кроссовер,4.4,бензин,автомат,Б/у
BMW X5,4 200 000 ₸,2005,кроссовер,4.4,бензин,автомат,Б/у
BMW X5,6 500 000 ₸,2004,кроссовер,3,бензин,автомат,Б/у
BMW 528,11 700 000 ₸,2016,седан,2,бензин,автомат,Б/у
BMW X7,39 000 000 ₸,2020,кроссовер,3,бензин,автомат,Б/у
BMW X5,12 000 000 ₸,2017,кроссовер,3,бензин,автомат,Б/у
BMW X5,42 800 000 ₸,2022,кроссовер,3,дизель,автомат,Б/у
BMW 116,6 200 000 ₸,2009,хэтчбек,1.6,бензин,автомат,Б/у
BMW 525,1 100 000 ₸,1990,седан,2.5,бензин,механика,Б/у
BMW 528,3 700 000 ₸,1996,седан,2.8,бензин,автомат,Б/у
BMW 528,3 250 000 ₸,1998,седан,2.8,бензин,автомат,Б/у
BMW 320,3 600 000 ₸,2001,седан,2.2,бензин,автомат,Б/у
BMW 320,3 600 000 ₸,2001,седан,2.2,бензин,автомат,Б/у
BMW 520,2 200 000 ₸,1991,седан,2,бензин,автомат,Б/у
BMW 525,3 700 000 ₸,1998,седан,2.5,бензин,автомат,Б/у
BMW X5,35 000 000 ₸,2019,кроссовер,3,бензин,автомат,Б/у
BMW 535,10 500 000 ₸,2010,седан,3,бензин,автомат,Б/у
BMW X3,5 800 000 ₸,2008,кроссовер,2.5,бензин,механика,Б/у
BMW 325,4 500 000 ₸,2007,седан,2.5,бензин,автомат,Б/у
BMW 535,11 000 000 ₸,2013,седан,3,бензин,автомат,Б/у
BMW 5 серия,22 000 000 ₸,2020,седан,2,бензин,автомат,Б/у
BMW 528,3 500 000 ₸,1997,седан,2.8,бензин,автомат,Б/у
BMW X5,18 500 000 ₸,2014,кроссовер,3,бензин,автомат,Б/у
BMW 325,3 300 000 ₸,1994,купе,2.5,бензин,механика,Б/у
BMW 525,2 700 000 ₸,1991,седан,2.5,бензин,механика,Б/у
BMW 530,2 800 000 ₸,1993,седан,3,бензин,механика,Б/у
BMW 330,16 000 000 ₸,2019,седан,2,бензин,автомат,Б/у
BMW 535,12 500 000 ₸,2014,седан,3,бензин,автомат,Б/у
BMW 530,23 950 000 ₸,2020,седан,2,бензин,автомат,Б/у
BMW 523,2 500 000 ₸,1996,седан,2.5,бензин,механика,Б/у
BMW 525,2 000 000 ₸,1991,седан,2.5,бензин,механика,Б/у
BMW Gran Turismo,8 300 000 ₸,2010,лифтбек,3,бензин,автомат,Б/у
BMW 525,2 000 000 ₸,1991,седан,2.5,бензин,механика,Б/у
BMW 525,6 300 000 ₸,2002,седан,2.5,бензин,автомат,Б/у
BMW 750,4 700 000 ₸,2007,седан,4.8,бензин,автомат,Б/у
BMW 528,2 000 000 ₸,1998,седан,2.8,бензин,механика,Б/у
BMW 528,2 600 000 ₸,1997,седан,2.8,бензин,автомат,Б/у
BMW 540,34 500 000 ₸,2022,седан,3,бензин,автомат,Б/у
BMW X5,6 500 000 ₸,2011,кроссовер,3,бензин,автомат,Б/у
BMW X5,10 000 000 ₸,На заказ,г.,Б/у кроссовер,4.4 л,бензин,2004
BMW X5,20 900 000 ₸,2016,кроссовер,3,бензин,автомат,Б/у
BMW 525,6 500 000 ₸,2004,седан,2.5,бензин,автомат,Б/у
BMW 520,750 000 ₸,1992,седан,2,бензин,механика,Б/у
BMW X7 M60i,75 500 000 ₸,На заказ,г.,Б/у кроссовер,4.4 л,бензин,2025
BMW X6,9 800 000 ₸,2009,кроссовер,3,бензин,автомат,Б/у
BMW 525,1 350 000 ₸,1993,седан,2.5,бензин,механика,Б/у
BMW 540,5 200 000 ₸,1995,седан,4,бензин,механика,Б/у
BMW 523,4 300 000 ₸,1999,седан,2.8,бензин,автомат,Б/у
BMW 525,4 200 000 ₸,1999,седан,2.5,бензин,автомат,Б/у
BMW X5,15 500 000 ₸,2018,кроссовер,3,бензин,автомат,Б/у
BMW X6,18 500 000 ₸,2016,кроссовер,3,бензин,автомат,Б/у
BMW X5,4 800 000 ₸,2002,кроссовер,3,бензин,автомат,Б/у
BMW 525,1 600 000 ₸,На заказ,г.,Б/у седан,2.5 л,бензин,1990
BMW 535,10 500 000 ₸,2014,седан,3,бензин,автомат,Б/у
BMW 340,4 800 000 ₸,2001,седан,2.8,бензин,механика,Б/у
BMW 750,35 000 000 ₸,2018,седан,4.4,бензин,автомат,Б/у
BMW X6,5 000 000 ₸,На заказ,г.,Б/у кроссовер,3 л,бензин,2007
BMW X5,10 000 000 ₸,2009,кроссовер,3,бензин,автомат,Б/у
BMW X6,21 000 000 ₸,2018,кроссовер,3,бензин,автомат,Б/у
BMW X5,43 800 000 ₸,2021,кроссовер,4.4,бензин,автомат,Б/у
BMW 525,3 100 000 ₸,1996,седан,2.5,бензин,механика,Б/у
BMW X5 M,67 000 000 ₸,2022,кроссовер,4.4,бензин,автомат,Б/у
BMW 525,1 250 000 ₸,1992,седан,2.5,бензин,механика,Б/у
BMW 730,4 600 000 ₸,2008,седан,3,дизель,автомат,Б/у
BMW X6,7 000 000 ₸,2008,кроссовер,3,бензин,автомат,Б/у
BMW X5,65 500 000 ₸,2025,кроссовер,3,бензин,автомат,Б/у
BMW 740,8 000 000 ₸,2009,седан,3,бензин,автомат,Б/у
BMW 523,6 400 000 ₸,2008,седан,2.5,бензин,автомат,Б/у
BMW 735,2 300 000 ₸,2002,седан,3.6,бензин,автомат,Б/у
BMW 525,1 400 000 ₸,1994,седан,2.5,бензин,механика,Б/у
BMW 530,6 500 000 ₸,2002,седан,3,бензин,автомат,Б/у
BMW X5 M,67 000 000 ₸,2021,кроссовер,4.4,бензин,автомат,Б/у
BMW 318,3 100 000 ₸,1998,седан,1.9,бензин,механика,Б/у
BMW 525,2 400 000 ₸,1997,седан,2.5,бензин,механика,Б/у
BMW 750,10 500 000 ₸,2014,седан,4.4,бензин,автомат,Б/у
BMW 535,7 500 000 ₸,2016,седан,3,бензин,автомат,Б/у
BMW X5,20 000 000 ₸,2016,кроссовер,3,бензин,Правый руль,Б/у
BMW 630,10 300 000 ₸,2010,купе,3,бензин,автомат,Б/у
BMW 525,4 700 000 ₸,1985,седан,2.5,бензин,механика,Б/у
BMW 325,1 700 000 ₸,1993,седан,2.5,бензин,автомат,Б/у
BMW X5,20 000 000 ₸,2014,кроссовер,3,бензин,автомат,Б/у
BMW 520,1 400 000 ₸,1991,седан,2,бензин,механика,Б/у
BMW 520,1 800 000 ₸,1990,седан,2,бензин,механика,Б/у
BMW 323,5 500 000 ₸,2000,купе,2.5,бензин,автомат,Б/у
BMW X5,12 300 000 ₸,2012,кроссовер,3,бензин,автомат,Б/у
BMW 640,18 000 000 ₸,2012,седан,3,бензин,автомат,Б/у
BMW 525,4 850 000 ₸,1999,седан,2.5,бензин,автомат,Б/у
BMW 535,2 555 555 ₸,1990,седан,2.8,бензин,механика,Б/у
BMW 745,2 100 000 ₸,2004,седан,4.4,бензин,автомат,Б/у
BMW 528,9 999 999 ₸,2013,седан,2,бензин,автомат,Б/у
BMW X7,45 000 000 ₸,2021,кроссовер,3,бензин,автомат,Б/у
BMW 318,950 000 ₸,1993,седан,1.8,бензин,механика,Б/у
BMW 525,1 200 000 ₸,1992,седан,2.5,бензин,механика,Б/у
BMW 730,2 500 000 ₸,1995,седан,3,бензин,автомат,Б/у
BMW 528,3 300 000 ₸,1996,седан,2.8,бензин,автомат,Б/у
BMW 728,3 600 000 ₸,1998,седан,2.8,бензин,автомат,Б/у
BMW 520,16 000 000 ₸,2018,седан,2,бензин,автомат,Б/у
BMW 316,600 000 ₸,1989,купе,1.6,бензин,механика,Б/у
BMW 530,30 000 000 ₸,2022,седан,2,бензин,автомат,Б/у
BMW 735,2 000 000 ₸,1993,седан,3.4,бензин,автомат,Б/у
BMW 525,2 000 000 ₸,1997,седан,2.5,бензин,механика,Б/у
BMW X1,22 900 000 ₸,2024,кроссовер,2,бензин,автомат,Б/у
BMW 525,4 950 000 ₸,2006,седан,2.5,бензин,автомат,Б/у
BMW 520,850 000 ₸,1993,седан,2,бензин,механика,Б/у
BMW 325,2 500 000 ₸,1992,седан,2.5,бензин,автомат,Б/у
BMW 530,13 500 000 ₸,2018,седан,2,бензин,автомат,Б/у
BMW X5,6 000 000 ₸,2001,кроссовер,3,бензин,автомат,Б/у
BMW X6,19 700 000 ₸,2017,кроссовер,3,бензин,автомат,Б/у
BMW 535,9 100 000 ₸,2008,седан,3,бензин,автомат,Б/у
BMW 640,20 000 000 ₸,2014,седан,3,бензин,автомат,Б/у
BMW 840,43 500 000 ₸,2021,седан,3,бензин,автомат,Б/у
BMW 328,2 500 000 ₸,1996,купе,2.8,газ-бензин,автомат,Б/у
BMW 525,2 100 000 ₸,1996,седан,2.5,бензин,механика,Б/у
BMW 525,1 500 000 ₸,1995,седан,2.5,бензин,механика,Б/у
BMW 320,6 400 000 ₸,2015,седан,2,бензин,автомат,Б/у
BMW 520,1 050 000 ₸,1992,седан,2,бензин,механика,Б/у
BMW 528,9 500 000 ₸,2010,седан,3,бензин,автомат,Б/у
BMW X7,55 100 000 ₸,2021,кроссовер,4.4,бензин,автомат,Б/у
BMW 535,9 100 000 ₸,2009,седан,3,бензин,автомат,Б/у
BMW 740,46 000 000 ₸,2020,седан,3,бензин,автомат,Б/у
BMW 520,1 200 000 ₸,1993,седан,2,бензин,механика,Б/у
BMW X5,6 500 000 ₸,2002,кроссовер,3,бензин,автомат,Б/у
BMW 318,1 800 000 ₸,1991,седан,1.8,бензин,механика,Б/у
BMW 318,3 500 000 ₸,2002,седан,2,бензин,автомат,Б/у
BMW X5,7 400 000 ₸,2007,кроссовер,3,бензин,автомат,Б/у
BMW 330,19 800 000 ₸,2019,седан,2,бензин,автомат,Б/у
BMW X5,8 900 000 ₸,2013,кроссовер,3,дизель,автомат,Б/у
BMW 528,5 100 000 ₸,1996,седан,2.8,бензин,автомат,Б/у
BMW X6,8 500 000 ₸,2009,кроссовер,4.4,бензин,автомат,Б/у
BMW 525,5 200 000 ₸,2006,седан,2.5,бензин,автомат,Б/у
BMW X5,16 000 000 ₸,2015,кроссовер,3,бензин,автомат,Б/у
BMW 530,8 150 000 ₸,2008,седан,3,бензин,автомат,Б/у
BMW 530,5 400 000 ₸,2001,седан,3,бензин,механика,Б/у
BMW 530,30 000 000 ₸,На заказ,г.,Б/у седан,2 л,бензин,2025
BMW 520,2 500 000 ₸,1997,седан,2,бензин,автомат,Б/у
BMW 528,3 000 000 ₸,1998,седан,2.8,бензин,автомат,Б/у
BMW X6,18 000 000 ₸,2016,кроссовер,3,бензин,автомат,Б/у
BMW 520,1 500 000 ₸,1992,седан,2,бензин,механика,Б/у
BMW X5,8 000 000 ₸,2008,кроссовер,3,бензин,автомат,Б/у
BMW X3,24 600 000 ₸,2023,кроссовер,2,бензин,автомат,Б/у
BMW 320,1 000 000 ₸,1992,седан,2,бензин,механика,Б/у
BMW X5,14 000 000 ₸,2015,кроссовер,3,бензин,автомат,Б/у
BMW 318,4 200 000 ₸,2005,седан,2,бензин,автомат,Б/у
BMW X5,5 500 000 ₸,2002,кроссовер,4.4,бензин,автомат,Б/у
BMW 530,6 500 000 ₸,2005,седан,3,бензин,автомат,Б/у
BMW 525,1 800 000 ₸,1992,седан,2.5,бензин,автомат,Б/у
BMW 525,1 100 000 ₸,1991,седан,2.5,бензин,механика,Б/у
BMW X5,7 200 000 ₸,2004,кроссовер,3,бензин,автомат,Б/у
BMW 330,4 500 000 ₸,2004,седан,3,бензин,автомат,Б/у
BMW 330,7 000 000 ₸,2007,седан,3,бензин,автомат,Б/у
BMW 320,500 000 ₸,1992,седан,2,бензин,механика,Б/у
BMW X6,45 000 000 ₸,2020,кроссовер,3,бензин,автомат,Б/у
BMW 435,18 500 000 ₸,2017,лифтбек,3,бензин,автомат,Б/у
BMW X6,45 000 000 ₸,2020,кроссовер,3,бензин,автомат,Б/у
BMW 325,2 800 000 ₸,2001,седан,2.5,бензин,автомат,Б/у
BMW X6,45 000 000 ₸,2020,кроссовер,3,бензин,автомат,Б/у
BMW 530,13 900 000 ₸,2017,седан,2,бензин,автомат,Б/у
BMW 528,2 500 000 ₸,1998,седан,2.8,бензин,автомат,Б/у
BMW Gran Turismo,8 000 000 ₸,2017,лифтбек,3,бензин,автомат,Б/у
BMW 535,7 600 000 ₸,2014,седан,3,бензин,автомат,Б/у
BMW 530,4 300 000 ₸,2005,седан,3,бензин,автомат,Б/у
BMW 528,13 500 000 ₸,2015,седан,2,бензин,автомат,Б/у
BMW X1,16 000 000 ₸,2021,кроссовер,2,бензин,автомат,Б/у
BMW 525,1 450 000 ₸,1992,седан,2.5,бензин,механика,Б/у
BMW 325,1 700 000 ₸,1993,седан,2.5,бензин,автомат,Б/у
BMW 525,1 100 000 ₸,1991,седан,2.5,бензин,механика,Б/у
BMW X5,8 800 000 ₸,2008,кроссовер,4.8,бензин,автомат,Б/у
BMW 528,3 200 000 ₸,1996,седан,2.8,бензин,автомат,Б/у
BMW 525,1 300 000 ₸,1990,седан,2.5,бензин,механика,Б/у
BMW X5,12 000 000 ₸,2015,кроссовер,3,бензин,автомат,Б/у
BMW X5,16 800 000 ₸,2016,кроссовер,3,бензин,автомат,Б/у
BMW 318,1 600 000 ₸,1991,седан,1.8,бензин,механика,Б/у
BMW 320,1 000 000 ₸,1993,седан,2,бензин,механика,Б/у
BMW 528,10 500 000 ₸,2014,седан,2,бензин,автомат,Б/у
BMW 530,7 200 000 ₸,2006,седан,3,бензин,автомат,Б/у
BMW iX,39 000 000 ₸,2023,кроссовер,эектричество,КПП автомат,с пробегом 6 700 км,Б/у
BMW 325,2 250 000 ₸,1997,седан,2.5,бензин,механика,Б/у
BMW X6,12 000 000 ₸,2010,кроссовер,3,бензин,автомат,Б/у
BMW X5,23 000 000 ₸,2017,кроссовер,3,бензин,автомат,Б/у
BMW 525,1 500 000 ₸,1990,седан,2.5,бензин,механика,Б/у
BMW 520,1 800 000 ₸,1993,седан,2,бензин,механика,Б/у
BMW 520,2 800 000 ₸,1998,седан,2,бензин,автомат,Б/у
BMW X5,7 800 000 ₸,2007,кроссовер,3,дизель,автомат,Б/у
BMW 318,1 200 000 ₸,1992,седан,1.8,бензин,механика,Б/у
BMW 430,12 000 000 ₸,2017,лифтбек,2,бензин,автомат,Б/у
BMW 525,1 500 000 ₸,1990,седан,2.5,бензин,механика,Б/у
BMW 520,1 500 000 ₸,1989,седан,2,бензин,механика,Б/у
BMW X5,8 200 000 ₸,2007,кроссовер,4.8,бензин,автомат,Б/у
BMW 525,1 100 000 ₸,1989,седан,2.5,бензин,механика,Б/у
BMW X5,18 000 000 ₸,2013,кроссовер,4.4,бензин,автомат,Б/у
BMW 535,8 000 000 ₸,2015,седан,3,бензин,автомат,Б/у
BMW 728,1 400 000 ₸,1997,седан,2.8,бензин,автомат,Б/у
BMW i7,103 000 000 ₸,2024,седан,эектричество,КПП автомат,с пробегом 1 300 км,Б/у
BMW 328,3 500 000 ₸,1995,седан,2.8,бензин,автомат,Б/у
BMW 523,2 800 000 ₸,1998,седан,2.5,бензин,автомат,Б/у
BMW 745,4 500 000 ₸,2004,седан,4.4,бензин,автомат,Б/у
BMW 525,1 000 000 ₸,1990,седан,2.5,бензин,механика,Б/у
BMW 325,1 300 000 ₸,1993,седан,2.5,бензин,механика,Б/у
BMW 318,300 000 ₸,1991,седан,1.8,бензин,механика,Б/у
BMW 328,5 800 000 ₸,2007,седан,3,бензин,автомат,Б/у
BMW 530,4 400 000 ₸,2001,седан,3,бензин,механика,Б/у
BMW 525,1 250 000 ₸,1991,седан,2.5,бензин,механика,Б/у
BMW 320,24 000 000 ₸,2021,седан,2,бензин,автомат,Б/у
BMW 540,20 000 000 ₸,2019,седан,3,бензин,автомат,Б/у
BMW X7,38 000 000 ₸,2020,кроссовер,3,бензин,автомат,Б/у
BMW X5,33 700 000 ₸,2021,кроссовер,3,бензин,автомат,Б/у
BMW 525,5 500 000 ₸,2005,седан,2.5,дизель,автомат,Б/у
BMW 320,22 000 000 ₸,2022,седан,2,бензин,автомат,Б/у
BMW X5,12 500 000 ₸,2014,кроссовер,3,бензин,автомат,Б/у
BMW 540,24 000 000 ₸,2018,седан,3,бензин,автомат,Б/у
BMW X5,8 700 000 ₸,2007,кроссовер,4.8,бензин,автомат,Б/у
BMW 520,25 000 000 ₸,2022,седан,2,бензин,автомат,Б/у
BMW 728,1 950 000 ₸,1997,седан,2.8,бензин,автомат,Б/у
BMW 325,1 300 000 ₸,1992,седан,2.5,бензин,механика,Б/у
BMW 525,800 000 ₸,1993,седан,2.5,бензин,автомат,Б/у
BMW X6,20 000 000 ₸,2017,кроссовер,3,бензин,автомат,Б/у
BMW 530,35 500 000 ₸,2023,седан,2,бензин,автомат,Б/у
BMW X5 M,17 000 000 ₸,2010,кроссовер,4.4,бензин,автомат,Б/у
BMW 530,4 500 000 ₸,2002,седан,3,бензин,автомат,Б/у
BMW X6,10 500 000 ₸,2012,кроссовер,3,бензин,автомат,Б/у
BMW 320,1 620 000 ₸,На заказ,г.,Б/у седан,2 л,бензин,1995
BMW 325,1 300 000 ₸,1992,седан,2.5,бензин,механика,Б/у
BMW 525,1 400 000 ₸,1993,седан,2.5,бензин,механика,Б/у
BMW X6,13 000 000 ₸,2009,кроссовер,4.4,бензин,автомат,Б/у
BMW X7,40 000 000 ₸,2019,кроссовер,3,бензин,автомат,Б/у
BMW X5,29 500 000 ₸,2020,кроссовер,3,бензин,автомат,Б/у
BMW 320,1 800 000 ₸,1992,седан,2,бензин,автомат,Б/у
BMW 325,1 700 000 ₸,1993,седан,2.5,бензин,автомат,Б/у
BMW 535,12 500 000 ₸,2014,седан,3,бензин,автомат,Б/у
BMW 728,3 600 000 ₸,1998,седан,2.8,бензин,автомат,Б/у
BMW 530,15 500 000 ₸,2017,седан,2,бензин,автомат,Б/у
BMW 320,4 800 000 ₸,2013,седан,2,бензин,автомат,Б/у
BMW 730,6 200 000 ₸,2006,седан,3,дизель,автомат,Б/у
BMW 525,3 500 000 ₸,1992,седан,2.5,бензин,механика,Б/у
BMW 728,2 600 000 ₸,1997,седан,2.8,бензин,автомат,Б/у
BMW 523,2 500 000 ₸,1996,седан,2.5,бензин,автомат,Б/у
BMW 520,1 000 000 ₸,1992,седан,2,бензин,механика,Б/у
BMW X6,8 500 000 ₸,2009,кроссовер,4.4,бензин,автомат,Б/у
BMW 528,1 800 000 ₸,1996,седан,2.8,бензин,автомат,Б/у
BMW i3,16 000 000 ₸,2015,хэтчбек,эектричество,КПП автомат,ГУР,Б/у
BMW 750,15 000 000 ₸,2013,седан,4.4,бензин,автомат,Б/у
BMW X5,38 500 000 ₸,2022,кроссовер,3,бензин,автомат,Б/у
BMW X1,11 900 000 ₸,2017,кроссовер,2,бензин,автомат,Б/у
BMW 525,1 200 000 ₸,1993,седан,2.5,бензин,механика,Б/у
BMW 730,800 000 ₸,1991,седан,3,бензин,автомат,Б/у
BMW 320,910 000 ₸,1993,седан,2,бензин,механика,Б/у
BMW 330,3 000 000 ₸,2002,седан,3,бензин,автомат,Б/у
BMW 525,6 500 000 ₸,2004,седан,2.5,бензин,автомат,Б/у
BMW 525,1 000 000 ₸,1993,седан,2.5,бензин,механика,Б/у
BMW X5,17 000 000 ₸,2016,кроссовер,3,бензин,автомат,Б/у
BMW X7,53 500 000 ₸,2022,кроссовер,3,бензин,автомат,Б/у
BMW 328,3 100 000 ₸,1999,седан,2.8,бензин,автомат,Б/у
BMW 520,12 500 000 ₸,2013,седан,2,бензин,автомат,Б/у
BMW X6,13 000 000 ₸,2011,кроссовер,4.4,бензин,автомат,Б/у
BMW 540,27 550 000 ₸,2020,седан,3,бензин,автомат,Б/у
BMW 728,3 200 000 ₸,1998,седан,2.8,бензин,автомат,Б/у
BMW 528,1 500 000 ₸,1984,седан,2.8,бензин,механика,Б/у
BMW 528,3 000 000 ₸,1999,седан,2.8,бензин,автомат,Б/у
BMW 740,3 200 000 ₸,1994,седан,4.4,бензин,автомат,Б/у
BMW 520,13 000 000 ₸,2019,седан,2,дизель,автомат,Б/у
BMW 330,14 000 000 ₸,2017,седан,2,бензин,автомат,Б/у
BMW 528,10 000 000 ₸,2015,седан,2,бензин,автомат,Б/у
BMW 735,4 500 000 ₸,2004,седан,3.6,бензин,автомат,Б/у
BMW 528,2 800 000 ₸,1997,седан,2.8,бензин,механика,Б/у
BMW X6,68 000 000 ₸,2024,кроссовер,3,бензин,автомат,Б/у
BMW X5,6 500 000 ₸,2004,кроссовер,3,бензин,автомат,Б/у
BMW 520,1 780 000 ₸,1991,седан,2,бензин,механика,Б/у
BMW 530,17 500 000 ₸,2018,седан,2,бензин,автомат,Б/у
BMW 530,6 500 000 ₸,2006,седан,3,бензин,автомат,Б/у
BMW 728,2 000 000 ₸,1996,седан,2.8,бензин,автомат,Б/у
BMW X7,37 500 000 ₸,2022,кроссовер,3,бензин,автомат,Б/у
BMW X5,7 500 000 ₸,2007,кроссовер,3,бензин,автомат,Б/у
BMW 528,11 700 000 ₸,2014,седан,2,бензин,автомат,Б/у
BMW 528,1 300 000 ₸,1996,седан,2.8,бензин,автомат,Б/у
BMW 525,4 700 000 ₸,2003,седан,2.5,бензин,автомат,Б/у
BMW X6,30 500 000 ₸,2020,кроссовер,3,бензин,автомат,Б/у
BMW 316,4 000 000 ₸,1989,седан,2.8,бензин,механика,Б/у
BMW X5,5 800 000 ₸,2003,кроссовер,3,бензин,автомат,Б/у
BMW X5,7 900 000 ₸,2007,кроссовер,3,бензин,автомат,Б/у
BMW 730,17 500 000 ₸,2016,седан,2,бензин,автомат,Б/у
BMW 530,5 500 000 ₸,2006,седан,3,бензин,автомат,Б/у
BMW 5 серия,25 500 000 ₸,На заказ,г.,Б/у седан,2 л,бензин,2022
BMW 320,5 000 000 ₸,2008,седан,2,бензин,автомат,Б/у
BMW X5,7 500 000 ₸,2004,кроссовер,3,бензин,автомат,Б/у
BMW 525,1 500 000 ₸,1994,седан,2.5,бензин,механика,Б/у
BMW 318,1 400 000 ₸,1995,седан,1.8,бензин,механика,Б/у
BMW 520,1 600 000 ₸,1988,седан,2,бензин,механика,Б/у
BMW 525,4 300 000 ₸,1995,седан,2.5,бензин,механика,Б/у
BMW 320,6 200 000 ₸,2017,седан,2,бензин,автомат,Б/у
BMW 520,700 000 ₸,1992,седан,2,бензин,механика,Б/у
BMW X5,5 600 000 ₸,2001,кроссовер,3,бензин,автомат,Б/у
BMW 740,4 900 000 ₸,1998,седан,4.4,бензин,автомат,Б/у
BMW 760,95 000 000 ₸,2022,седан,4.4,бензин,автомат,Б/у
BMW 530,19 000 000 ₸,2019,седан,2,бензин,автомат,Б/у
BMW X5,31 000 000 ₸,2019,кроссовер,3,бензин,автомат,Б/у
BMW 530,8 000 000 ₸,2007,седан,3,бензин,автомат,Б/у
BMW X5,16 800 000 ₸,2016,кроссовер,3,бензин,автомат,Б/у
BMW 520,1 400 000 ₸,1994,седан,2,бензин,механика,Б/у
BMW 730,2 500 000 ₸,1995,седан,3,бензин,автомат,Б/у
BMW 318,1 500 000 ₸,1993,седан,1.8,бензин,механика,Б/у
BMW 525,2 300 000 ₸,1993,седан,2.5,бензин,механика,Б/у
BMW 728,2 300 000 ₸,1995,седан,2.8,бензин,автомат,Б/у
BMW 535,14 000 000 ₸,2013,седан,3,бензин,автомат,Б/у
BMW 525,4 700 000 ₸,1991,седан,2.5,бензин,механика,Б/у
BMW 520,1 400 000 ₸,1993,седан,2,бензин,механика,Б/у
BMW X7,79 200 000 ₸,2025,кроссовер,3,бензин,автомат,Б/у
BMW 525,3 000 000 ₸,1999,седан,2.5,бензин,автомат,Б/у
BMW 325,1 800 000 ₸,1994,седан,2.5,бензин,механика,Б/у
BMW X5,5 800 000 ₸,2002,кроссовер,3,бензин,автомат,Б/у
BMW 318,1 100 000 ₸,1991,седан,1.8,бензин,механика,Б/у
BMW X5,7 900 000 ₸,2007,кроссовер,4.8,бензин,автомат,Б/у
BMW 528,4 200 000 ₸,1997,седан,2.8,бензин,автомат,Б/у
BMW 325,900 000 ₸,1994,седан,2.5,бензин,механика,Б/у
BMW 528,9 500 000 ₸,2012,седан,2,бензин,автомат,Б/у
BMW X5,4 400 000 ₸,2004,кроссовер,4.4,бензин,автомат,Б/у
BMW 520,3 200 000 ₸,2002,седан,2.2,бензин,автомат,Б/у
BMW X5,15 740 953 ₸,2015,кроссовер,3,бензин,автомат,Б/у
BMW X6,20 000 000 ₸,2015,кроссовер,3,бензин,автомат,Б/у
BMW 530,37 500 000 ₸,2024,седан,2,бензин,автомат,Б/у
BMW 735,3 800 000 ₸,2004,седан,3.6,бензин,автомат,Б/у
BMW 530,20 000 000 ₸,2020,седан,2,бензин,автомат,Б/у
BMW X6,19 000 000 ₸,2017,кроссовер,3,бензин,автомат,Б/у
BMW X6,19 000 000 ₸,2018,кроссовер,3,бензин,автомат,Б/у
BMW 730,4 250 000 ₸,1995,седан,3,бензин,автомат,Б/у
BMW X1,5 000 000 ₸,2012,кроссовер,2,бензин,автомат,Б/у
BMW X5,9 300 000 ₸,2007,кроссовер,4.8,бензин,автомат,Б/у
BMW 530,43 000 000 ₸,2024,седан,2,бензин,автомат,Б/у
BMW 525,3 500 000 ₸,1996,седан,2.5,бензин,автомат,Б/у
BMW 335,3 800 000 ₸,2005,седан,3,бензин,автомат,Б/у
BMW 530,8 800 000 ₸,2005,седан,3,бензин,автомат,Б/у
BMW 645,4 500 000 ₸,2006,купе,4.4,бензин,автомат,Б/у
BMW 318,2 000 000 ₸,2000,седан,1.9,бензин,механика,Б/у
BMW 325,3 300 000 ₸,1999,седан,2.5,бензин,автомат,Б/у
BMW 523,3 300 000 ₸,1998,седан,2.5,бензин,автомат,Б/у
BMW 320,1 190 000 ₸,1992,седан,2,бензин,механика,Б/у
BMW X5,38 000 000 ₸,2020,кроссовер,3,бензин,автомат,Б/у
BMW 525,4 500 000 ₸,2000,седан,2.5,бензин,автомат,Б/у
BMW 320,2 350 000 ₸,1992,седан,2,бензин,автомат,Б/у
BMW 530,37 500 000 ₸,2023,седан,2,бензин,автомат,Б/у
BMW 530,5 800 000 ₸,2004,седан,3,бензин,автомат,Б/у
BMW 520,3 500 000 ₸,2002,седан,2.2,бензин,механика,Б/у
BMW 520,2 800 000 ₸,1994,седан,2,бензин,механика,Б/у
BMW 530,3 200 000 ₸,1999,седан,3,бензин,автомат,Б/у
BMW 320,1 800 000 ₸,1994,седан,2,бензин,автомат,Б/у
BMW 318,1 200 000 ₸,1991,седан,1.8,бензин,механика,Б/у
BMW 320,1 150 000 ₸,1991,седан,2,бензин,механика,Б/у
BMW 525,1 400 000 ₸,1993,седан,2.5,бензин,механика,Б/у
BMW X5,9 000 000 ₸,2007,кроссовер,3,бензин,автомат,Б/у
BMW 540,7 000 000 ₸,2002,седан,4.4,бензин,автомат,Б/у
BMW 535,11 800 000 ₸,2016,седан,3,бензин,автомат,Б/у
BMW X6,50 000 000 ₸,2022,кроссовер,3,бензин,автомат,Б/у
BMW 530,21 000 000 ₸,2018,седан,2,бензин,автомат,Б/у
BMW 523,2 650 000 ₸,1997,седан,2.5,бензин,автомат,Б/у
BMW 525,2 800 000 ₸,1996,седан,2.5,бензин,автомат,Б/у
BMW X6 M,60 000 000 ₸,2023,кроссовер,4.4,бензин,автомат,Б/у
BMW 523,2 600 000 ₸,1996,седан,2.5,бензин,механика,Б/у
BMW 735,4 250 000 ₸,2002,седан,3.6,бензин,автомат,Б/у
BMW 528,2 950 000 ₸,1997,седан,2.8,бензин,автомат,Б/у
BMW 318,3 500 000 ₸,1989,универсал,1.8,бензин,механика,Б/у
BMW 525,1 500 000 ₸,1994,седан,2.5,бензин,автомат,Б/у
BMW X5,17 500 000 ₸,2017,кроссовер,3,бензин,автомат,Б/у
BMW 325,1 000 000 ₸,1990,седан,2.5,бензин,механика,Б/у
BMW 750,10 000 000 ₸,2009,седан,4.4,бензин,автомат,Б/у
BMW 540,27 000 000 ₸,2018,седан,3,бензин,автомат,Б/у
BMW 735,48 500 000 ₸,2023,седан,3,бензин,автомат,Б/у
BMW 735,3 500 000 ₸,1995,седан,3.5,бензин,автомат,Б/у
BMW 530,39 200 000 ₸,2024,седан,2,бензин,автомат,Б/у
BMW 523,2 500 000 ₸,1996,седан,2.5,бензин,механика,Б/у
BMW 525,1 000 000 ₸,1992,седан,2.5,гибрид,автомат,Б/у
BMW 750,10 800 000 ₸,2009,седан,4.4,бензин,автомат,Б/у
BMW 330,5 500 000 ₸,2004,седан,3,бензин,автомат,Б/у
BMW 735,4 000 000 ₸,1994,седан,3.5,бензин,автомат,Б/у
BMW 530,17 500 000 ₸,2018,седан,2,бензин,автомат,Б/у
BMW 735,2 200 000 ₸,2002,седан,3.6,бензин,автомат,Б/у
BMW 540,25 000 000 ₸,2018,седан,3,бензин,автомат,Б/у
BMW 525,600 000 ₸,1992,седан,2.5,бензин,механика,Б/у
BMW 530,5 500 000 ₸,2003,седан,3,бензин,автомат,Б/у
BMW 328,2 850 000 ₸,1998,седан,2.8,бензин,автомат,Б/у
BMW X5,10 700 000 ₸,2015,кроссовер,3,бензин,автомат,Б/у
BMW 530,5 000 000 ₸,2003,седан,3,бензин,автомат,Б/у
BMW 525,6 000 000 ₸,2004,седан,2.5,бензин,автомат,Б/у
BMW X5,9 600 000 ₸,2015,кроссовер,3,бензин,автомат,Б/у
BMW 325,2 000 000 ₸,1992,седан,2.5,бензин,автомат,Б/у
BMW 528,11 000 000 ₸,2012,седан,2,бензин,автомат,Б/у
BMW X5,16 900 000 ₸,2015,кроссовер,3,бензин,автомат,Б/у
BMW 530,40 000 000 ₸,2024,седан,2,бензин,автомат,Б/у
BMW 320,4 800 000 ₸,2005,седан,2,бензин,автомат,Б/у
BMW i3,16 700 000 ₸,2015,хэтчбек,эектричество,КПП автомат,Обмен можно в росрочку,Б/у
BMW X6,17 000 000 ₸,2015,кроссовер,3,бензин,автомат,Б/у
BMW X5,5 000 000 ₸,2003,кроссовер,4.4,бензин,автомат,Б/у
BMW 325,3 700 000 ₸,1999,седан,2.5,бензин,автомат,Б/у
BMW X5,10 500 000 ₸,2013,кроссовер,3,бензин,автомат,Б/у
BMW 740,7 500 000 ₸,2009,седан,4,бензин,автомат,Б/у
BMW X5,10 300 000 ₸,2013,кроссовер,3,бензин,автомат,Б/у
BMW X5,8 500 000 ₸,2014,кроссовер,4.4,бензин,автомат,Б/у
BMW 520,1 200 000 ₸,1992,седан,2,бензин,механика,Б/у
BMW 530,10 500 000 ₸,2008,седан,3,бензин,автомат,Б/у
BMW 528,3 100 000 ₸,1998,седан,2.8,бензин,автомат,Б/у
BMW 650,5 400 000 ₸,2006,купе,4.8,бензин,автомат,Б/у
BMW i3,18 000 000 ₸,2024,седан,эектричество,КПП автомат,с пробегом 33 000 км,Б/у
BMW Gran Turismo,8 000 000 ₸,2012,лифтбек,3,бензин,автомат,Б/у
BMW 525,33 000 000 ₸,2025,седан,2,бензин,автомат,Б/у
BMW 318,750 000 ₸,1995,купе,1.8,бензин,механика,Б/у
BMW X3,4 500 000 ₸,2004,кроссовер,2.5,бензин,автомат,Б/у
BMW 525,2 000 000 ₸,1990,седан,2.5,бензин,механика,Б/у
BMW 525,2 500 000 ₸,1993,седан,2.5,бензин,механика,Б/у
BMW 525,2 200 000 ₸,1994,седан,2.5,бензин,механика,Б/у
BMW 535,11 500 000 ₸,2013,седан,3,бензин,автомат,Б/у
BMW 728,2 700 000 ₸,1997,седан,2.8,бензин,Правый руль,Б/у
BMW 528,8 700 000 ₸,2011,седан,3,бензин,автомат,Б/у
BMW 520,1 900 000 ₸,1997,седан,2,бензин,механика,Б/у
BMW 320,1 450 000 ₸,1992,седан,2,бензин,механика,Б/у
BMW 530,37 000 000 ₸,2024,седан,2,бензин,автомат,Б/у
BMW X5,4 600 000 ₸,2001,кроссовер,4.4,бензин,автомат,Б/у
BMW 535,13 800 000 ₸,2014,седан,3,бензин,автомат,Б/у
BMW 316,1 000 000 ₸,1993,седан,1.6,бензин,механика,Б/у
BMW 740,2 240 000 ₸,1998,седан,4.4,бензин,автомат,Б/у
BMW 528,3 200 000 ₸,1996,седан,2.8,бензин,автомат,Б/у
BMW 750,9 000 000 ₸,2009,седан,4.4,бензин,автомат,Б/у
BMW 730,2 500 000 ₸,1991,седан,3,бензин,механика,Б/у
BMW 320,1 500 000 ₸,1995,седан,2,бензин,механика,Б/у
BMW X5,7 300 000 ₸,2007,кроссовер,4.8,бензин,автомат,Б/у
BMW X3,12 000 000 ₸,2011,кроссовер,3,бензин,автомат,Б/у
BMW 525,1 250 000 ₸,На заказ,г.,Б/у седан,2.5 л,бензин,1994
BMW 540,21 500 000 ₸,2017,седан,3,бензин,автомат,Б/у
BMW X5,5 500 000 ₸,2003,кроссовер,4.4,бензин,автомат,Б/у
BMW X6 M,63 000 000 ₸,2021,кроссовер,4.4,бензин,автомат,Б/у
BMW 520,1 250 000 ₸,1991,седан,2,бензин,механика,Б/у
BMW 740,40 000 000 ₸,2020,седан,3,бензин,автомат,Б/у
BMW 525,1 500 000 ₸,1992,седан,2.5,бензин,механика,Б/у
BMW 520,3 500 000 ₸,1994,седан,2,бензин,автомат,Б/у
BMW 530,5 200 000 ₸,2002,седан,3,бензин,автомат,Б/у
BMW 528,6 700 000 ₸,2010,седан,2,бензин,автомат,Б/у
BMW 330,4 500 000 ₸,1998,седан,3,бензин,автомат,Б/у
BMW 530,6 500 000 ₸,2001,седан,3,бензин,автомат,Б/у
BMW 525,4 500 000 ₸,2000,седан,2.5,бензин,механика,Б/у
BMW 325,3 000 000 ₸,1999,седан,2.5,бензин,автомат,Б/у
BMW 523,2 800 000 ₸,1996,седан,2.5,бензин,автомат,Б/у
BMW 525,3 900 000 ₸,2001,седан,2.5,бензин,автомат,Б/у
BMW i3,19 500 000 ₸,2015,хэтчбек,эектричество,КПП автомат,Машина в идеальном состояние,Б/у
BMW X5,6 500 000 ₸,2001,кроссовер,3,бензин,автомат,Б/у
BMW 530,45 000 000 ₸,2025,седан,2,бензин,автомат,Б/у
BMW 520,3 800 000 ₸,2006,седан,2,дизель,механика,Б/у
BMW 328,7 000 000 ₸,2015,седан,2,бензин,автомат,Б/у
BMW 528,2 500 000 ₸,1997,седан,2.8,бензин,автомат,Б/у
BMW X5,6 600 000 ₸,2004,кроссовер,3,бензин,автомат,Б/у
BMW 316,900 000 ₸,1994,седан,1.6,бензин,механика,Б/у
BMW M5,62 000 000 ₸,2023,седан,4.4,бензин,автомат,Б/у
BMW 520,39 500 000 ₸,2024,седан,2,гибрид,автомат,Б/у
BMW 316,1 200 000 ₸,1989,седан,1.6,бензин,механика,Б/у
BMW 528,8 200 000 ₸,2010,седан,3,бензин,автомат,Б/у
BMW 525,2 100 000 ₸,1993,седан,2.5,бензин,автомат,Б/у
BMW 728,3 850 000 ₸,1999,седан,2.8,бензин,автомат,Б/у
BMW 520,1 900 000 ₸,1995,седан,2,бензин,автомат,Б/у
BMW X5,20 000 000 ₸,2017,кроссовер,3,бензин,автомат,Б/у
BMW 540,23 000 000 ₸,2018,седан,3,бензин,автомат,Б/у
BMW X5,14 500 000 ₸,2015,кроссовер,3,бензин,автомат,Б/у
BMW X7,74 999 999 ₸,2023,кроссовер,3,бензин,автомат,Б/у
BMW 525,1 300 000 ₸,1990,седан,2.5,бензин,механика,Б/у
BMW X5,2 120 000 ₸,2004,кроссовер,4.4,бензин,автомат,Б/у
BMW 520,2 000 000 ₸,1998,седан,2,бензин,механика,Б/у
BMW X7,89 000 000 ₸,2023,кроссовер,4.4,бензин,автомат,Б/у
BMW X5,9 000 000 ₸,2004,кроссовер,3,бензин,автомат,Б/у
BMW 730,1 800 000 ₸,1996,седан,3,бензин,автомат,Б/у
BMW X6,19 000 000 ₸,2016,кроссовер,3,бензин,автомат,Б/у
BMW X5,25 888 888 ₸,2019,кроссовер,3,бензин,автомат,Б/у
BMW X5,8 800 000 ₸,2004,кроссовер,3,бензин,автомат,Б/у
BMW Z4,25 000 000 ₸,2022,родстер,2,бензин,автомат,Б/у
BMW 228,17 000 000 ₸,2017,купе,2,бензин,автомат,Б/у
BMW X5,8 100 000 ₸,2007,кроссовер,3,бензин,автомат,Б/у
BMW 330,13 000 000 ₸,2016,седан,2,бензин,автомат,Б/у
BMW iX,33 500 000 ₸,2023,кроссовер,эектричество,КПП автомат,с пробегом 25 000 км,Б/у
BMW 525,2 800 000 ₸,1994,седан,2.5,бензин,механика,Б/у
BMW 540,27 000 000 ₸,2022,седан,3,бензин,автомат,Б/у
BMW 525,5 500 000 ₸,2003,седан,2.5,бензин,автомат,Б/у
BMW 523,3 000 000 ₸,1996,седан,2.5,бензин,автомат,Б/у
BMW 750,11 000 000 ₸,2008,седан,4.4,бензин,автомат,Б/у
BMW 530,10 000 000 ₸,2011,седан,3,бензин,автомат,Б/у
BMW 535,7 000 000 ₸,2011,седан,3,бензин,автомат,Б/у
BMW 520,1 400 000 ₸,1993,седан,2,бензин,автомат,Б/у
BMW 525,1 900 000 ₸,1992,седан,2.5,бензин,механика,Б/у
BMW 525,1 500 000 ₸,1992,седан,2.5,бензин,механика,Б/у
BMW 520,1 500 000 ₸,На заказ,г.,Б/у седан,2 л,бензин,1990
BMW 318,1 750 000 ₸,1991,седан,1.8,бензин,механика,Б/у
BMW 740,2 600 000 ₸,1994,седан,4.4,бензин,автомат,новый
BMW X6,19 000 000 ₸,2017,кроссовер,3,бензин,автомат,Б/у
BMW 525,2 000 000 ₸,1999,седан,2.5,бензин,механика,Б/у
BMW X5,4 900 000 ₸,2002,кроссовер,3,бензин,автомат,Б/у
BMW 325,1 400 000 ₸,1991,седан,2.5,бензин,механика,Б/у
BMW 528,3 300 000 ₸,1997,седан,2.8,бензин,автомат,Б/у
BMW X6,38 000 000 ₸,2020,кроссовер,3,бензин,автомат,Б/у
BMW 520,6 500 000 ₸,2004,седан,2.5,бензин,автомат,Б/у
BMW 535,10 500 000 ₸,2013,седан,3,бензин,автомат,Б/у
BMW 520,1 500 000 ₸,1991,седан,2,бензин,механика,Б/у
BMW 735,2 600 000 ₸,1995,седан,3.5,бензин,автомат,Б/у
BMW 316,2 500 000 ₸,1993,седан,1.6,бензин,механика,Б/у
BMW 540,7 800 000 ₸,1998,седан,4.6,бензин,механика,Б/у
BMW 525,1 700 000 ₸,1995,седан,2.5,бензин,автомат,Б/у
BMW X3,5 500 000 ₸,2005,кроссовер,3,бензин,автомат,Б/у
BMW X5,7 700 000 ₸,2007,кроссовер,4.8,бензин,автомат,Б/у
BMW 525,2 090 000 ₸,1991,седан,2.5,бензин,механика,Б/у
BMW 520,1 200 000 ₸,1991,седан,2,бензин,механика,Б/у
BMW X4,35 000 000 ₸,2021,кроссовер,2,бензин,автомат,Б/у
BMW 528,11 500 000 ₸,2016,седан,2,бензин,автомат,Б/у
BMW 330,24 900 000 ₸,2022,универсал,2,бензин,автомат,Б/у
BMW X7,75 000 000 ₸,2024,кроссовер,3,бензин,автомат,Б/у
BMW 528,2 900 000 ₸,1998,седан,2.8,бензин,механика,Б/у
BMW 540,24 900 000 ₸,2017,седан,3,бензин,автомат,Б/у
BMW 728,2 000 000 ₸,1996,седан,2.8,бензин,автомат,Б/у
BMW 520,3 500 000 ₸,1995,седан,2,бензин,механика,Б/у
BMW 640,11 000 000 ₸,2012,седан,3,бензин,автомат,Б/у
BMW 525,7 700 000 ₸,2004,седан,2.5,бензин,автомат,Б/у
BMW 528,2 650 000 ₸,1997,седан,2.8,бензин,механика,Б/у
BMW 528,3 800 000 ₸,1999,седан,2.8,бензин,автомат,Б/у
BMW 518,1 250 000 ₸,1993,седан,1.8,бензин,механика,Б/у
BMW 135,13 999 999 ₸,2008,купе,3,бензин,механика,Б/у
BMW X5,6 700 000 ₸,2005,кроссовер,3,дизель,автомат,Б/у
BMW X5,38 000 000 ₸,2023,кроссовер,3,бензин,автомат,Б/у
BMW X6,39 100 000 ₸,2021,кроссовер,3,бензин,автомат,Б/у
BMW 335,11 700 000 ₸,2011,седан,3,бензин,автомат,Б/у
BMW 520,3 100 000 ₸,1992,седан,2,бензин,механика,Б/у
BMW 535,8 000 000 ₸,2015,седан,3,бензин,автомат,Б/у
BMW 530,15 200 000 ₸,2017,седан,2,бензин,автомат,Б/у
BMW X5,12 000 000 ₸,2015,кроссовер,3,бензин,автомат,Б/у
BMW 318,301 500 ₸,1992,седан,1.8,бензин,механика,Б/у
BMW 535,13 800 000 ₸,2015,седан,3,бензин,автомат,Б/у
BMW 528,11 000 000 ₸,2015,седан,2,бензин,автомат,Б/у
BMW 530,3 300 000 ₸,2002,седан,3,бензин,автомат,Б/у
BMW X7,54 000 000 ₸,2022,кроссовер,4.4,бензин,автомат,Б/у
BMW 316,1 500 000 ₸,1992,седан,1.6,бензин,механика,Б/у
BMW 728,3 500 000 ₸,1997,седан,2.8,бензин,автомат,Б/у
BMW X7,35 000 000 ₸,2020,кроссовер,3,бензин,автомат,Б/у
BMW 728,2 500 000 ₸,1997,седан,2.8,бензин,автомат,Б/у
BMW 325,1 300 000 ₸,1993,седан,2.5,бензин,механика,Б/у
BMW 330,7 800 000 ₸,2007,седан,3,бензин,автомат,Б/у
BMW 530,15 550 000 ₸,2017,седан,2,бензин,автомат,Б/у
BMW 330,2 500 000 ₸,2001,седан,3,бензин,автомат,Б/у
BMW 530,1 500 000 ₸,1994,седан,3,бензин,механика,Б/у
BMW 525,1 234 567 ₸,1991,седан,2.5,бензин,механика,Б/у
BMW 523,3 900 000 ₸,1998,седан,2.5,бензин,автомат,Б/у
BMW 528,4 000 000 ₸,2000,седан,2.8,бензин,автомат,Б/у
BMW 525,2 500 000 ₸,1996,седан,2.5,бензин,механика,Б/у
BMW X5,3 900 000 ₸,2002,кроссовер,4.4,бензин,автомат,Б/у
BMW 528,2 950 000 ₸,1993,седан,2.8,бензин,механика,Б/у
BMW X3,2 500 000 ₸,2007,кроссовер,3,бензин,автомат,Б/у
BMW 318,1 250 000 ₸,1993,седан,1.8,бензин,механика,Б/у
BMW 523,4 000 000 ₸,1998,седан,2.5,бензин,автомат,Б/у
BMW 428,7 200 000 ₸,2015,купе,2,бензин,автомат,Б/у
BMW 320,23 500 000 ₸,2021,седан,2,бензин,автомат,Б/у
BMW 120,4 500 000 ₸,2006,хэтчбек,2,бензин,автомат,Б/у
BMW 520,1 350 000 ₸,1992,седан,2,бензин,механика,Б/у
BMW 525,2 000 000 ₸,1992,седан,2.5,бензин,механика,Б/у
BMW X5,6 700 000 ₸,2004,кроссовер,4.4,бензин,автомат,Б/у
BMW 535,3 772 000 ₸,На заказ,г.,Б/у седан,3 л,бензин,2012
BMW 525,340 000 ₸,1990,седан,2.5,бензин,механика,Б/у
BMW 535,11 500 000 ₸,2013,седан,3,бензин,автомат,Б/у
BMW 740,2 500 000 ₸,1995,седан,4.4,бензин,автомат,Б/у
BMW 320,1 400 000 ₸,1994,седан,2,бензин,механика,Б/у
BMW 525,7 300 000 ₸,2003,седан,2.5,бензин,автомат,Б/у
BMW 325,4 000 000 ₸,2007,седан,2.5,бензин,автомат,Б/у
BMW 535,12 000 000 ₸,2014,седан,3,бензин,автомат,Б/у
BMW 540,20 500 000 ₸,2018,седан,3,бензин,автомат,Б/у
BMW 323,3 699 999 ₸,2000,седан,2.5,бензин,автомат,Б/у
BMW 535,12 800 000 ₸,2015,седан,3,бензин,автомат,Б/у
BMW 318,1 500 000 ₸,1994,купе,1.8,бензин,автомат,Б/у
BMW X5,38 500 000 ₸,2021,кроссовер,3,бензин,автомат,Б/у
BMW 535,13 500 000 ₸,2014,седан,3,бензин,автомат,Б/у
BMW X6,15 700 000 ₸,2016,кроссовер,3,бензин,автомат,Б/у
BMW X7,46 000 000 ₸,2021,кроссовер,3,бензин,автомат,Б/у
BMW 530,4 200 000 ₸,2001,универсал,3,бензин,автомат,Б/у
BMW 328,6 000 000 ₸,2013,седан,2,бензин,автомат,Б/у
BMW i3,18 500 000 ₸,2015,хэтчбек,эектричество,КПП автомат,Только реальные предложения,Б/у
BMW X5,28 000 000 ₸,2019,кроссовер,3,бензин,автомат,Б/у
BMW 525,5 499 999 ₸,2005,седан,2.5,бензин,автомат,Б/у
BMW 328,1 900 000 ₸,1998,седан,2.8,бензин,автомат,Б/у
BMW 730,2 300 000 ₸,1994,седан,3,бензин,автомат,Б/у
BMW 525,2 000 000 ₸,1990,седан,2.5,бензин,автомат,Б/у
BMW 740,10 000 000 ₸,2009,седан,3,бензин,автомат,Б/у
BMW 540,28 000 000 ₸,2023,седан,3,бензин,автомат,Б/у
BMW X5,5 100 000 ₸,2001,кроссовер,4.4,бензин,автомат,Б/у
BMW 530,16 950 000 ₸,2017,седан,2,бензин,автомат,Б/у
BMW 525,2 500 000 ₸,1994,седан,2.5,бензин,автомат,Б/у
BMW 528,3 500 000 ₸,1998,седан,2.8,бензин,автомат,Б/у
BMW X5,8 500 000 ₸,2004,кроссовер,3,бензин,автомат,Б/у
BMW 520,700 000 ₸,1988,седан,2,бензин,механика,Б/у
BMW 525,3 500 000 ₸,1993,седан,2.5,бензин,автомат,Б/у
BMW 330,13 000 000 ₸,2018,седан,2,бензин,автомат,Б/у
BMW X5,5 600 000 ₸,2002,кроссовер,3,бензин,автомат,Б/у
BMW 728,3 000 000 ₸,1997,седан,2.8,бензин,автомат,Б/у
BMW X5 M,92 000 000 ₸,2023,кроссовер,4.4,бензин,автомат,Б/у
BMW M5,55 000 000 ₸,2021,седан,4.4,бензин,автомат,Б/у
BMW 530,17 000 000 ₸,2017,седан,2,бензин,автомат,Б/у
BMW X5,6 400 000 ₸,2003,кроссовер,3,бензин,автомат,Б/у
BMW 520,15 500 000 ₸,2019,седан,2,бензин,автомат,Б/у
BMW 320,850 000 ₸,1993,седан,2,бензин,механика,Б/у
BMW X5,4 300 000 ₸,2002,кроссовер,3,бензин,автомат,Б/у
BMW X5,6 500 000 ₸,2011,кроссовер,3,бензин,автомат,Б/у
BMW X5,5 200 000 ₸,2003,кроссовер,3,бензин,автомат,Б/у
BMW X5,4 500 000 ₸,2003,кроссовер,3,бензин,автомат,Б/у
BMW 320,1 200 000 ₸,1994,седан,2,бензин,механика,Б/у
BMW 118,7 400 000 ₸,2013,хэтчбек,1.6,бензин,автомат,Б/у
BMW 330,5 000 000 ₸,2001,седан,3,бензин,автомат,Б/у
BMW X5,18 000 000 ₸,2014,кроссовер,3,бензин,автомат,Б/у
BMW 325,4 200 000 ₸,2002,седан,2.5,бензин,автомат,Б/у
BMW X7,40 000 000 ₸,2020,кроссовер,3,бензин,автомат,Б/у
BMW 525,800 000 ₸,1991,седан,2.5,бензин,механика,Б/у
BMW 728,4 000 000 ₸,1998,седан,2.8,бензин,автомат,Б/у
BMW 325,2 600 000 ₸,1998,седан,2.5,бензин,механика,Б/у
BMW 320,18 500 000 ₸,2021,седан,2,бензин,автомат,Б/у
BMW 325,2 000 000 ₸,1992,седан,2.5,бензин,механика,Б/у
BMW 525,1 300 000 ₸,1994,седан,2.5,бензин,механика,Б/у
BMW 328,2 000 000 ₸,1993,седан,2.8,бензин,механика,Б/у
BMW 525,4 600 000 ₸,1996,седан,2.5,бензин,автомат,Б/у
BMW X5,4 800 000 ₸,2001,кроссовер,3,бензин,автомат,Б/у
BMW 525,1 000 000 ₸,1991,седан,2.5,бензин,механика,Б/у
BMW 316,600 000 ₸,1993,седан,1.6,бензин,механика,Б/у
BMW 325,18 900 000 ₸,2021,седан,2,бензин,автомат,Б/у
BMW 535,11 800 000 ₸,2016,седан,3,бензин,автомат,Б/у
BMW 530,3 500 000 ₸,2002,седан,3,бензин,автомат,Б/у
BMW 525,2 800 000 ₸,1997,седан,2.5,бензин,автомат,Б/у
BMW 318,1 200 000 ₸,1992,седан,1.8,бензин,механика,Б/у
BMW 525,1 500 000 ₸,1990,седан,2.5,бензин,механика,Б/у
BMW 330,17 000 000 ₸,1988,седан,3,бензин,автомат,Б/у
BMW X6,8 990 000 ₸,2009,кроссовер,3,бензин,автомат,Б/у
BMW 528,10 500 000 ₸,2012,седан,2,бензин,автомат,Б/у
BMW 528,2 200 000 ₸,1996,седан,2.8,бензин,автомат,Б/у
BMW 740,38 000 000 ₸,2021,седан,3,бензин,автомат,Б/у
BMW X6,13 500 000 ₸,2012,кроссовер,3,бензин,автомат,Б/у
BMW 520,1 200 000 ₸,1991,седан,2,бензин,механика,Б/у
BMW 728,3 000 000 ₸,1995,седан,2.8,бензин,автомат,Б/у
BMW 518,1 050 000 ₸,1993,седан,1.8,бензин,механика,Б/у
BMW 740,4 500 000 ₸,1997,седан,4.4,бензин,автомат,Б/у
BMW 530,7 500 000 ₸,2007,седан,3,бензин,автомат,Б/у
BMW X5,17 700 000 ₸,2017,кроссовер,3,бензин,автомат,Б/у
BMW 520,850 000 ₸,1991,седан,2.8,бензин,Правый руль,Б/у
BMW 328,1 850 000 ₸,1996,седан,2.8,бензин,автомат,Б/у
BMW 735,5 800 000 ₸,2004,седан,3.6,бензин,автомат,Б/у
BMW X6,7 650 000 ₸,2008,кроссовер,3,бензин,автомат,Б/у
BMW 518,1 100 000 ₸,1993,седан,1.8,бензин,механика,Б/у
BMW 528,3 200 000 ₸,2000,седан,2.8,бензин,автомат,Б/у
BMW X7,47 400 000 ₸,2022,кроссовер,3,бензин,автомат,Б/у
BMW 525,1 650 000 ₸,1989,седан,2.5,бензин,механика,Б/у
BMW 525,2 700 000 ₸,1991,седан,2.5,бензин,механика,Б/у
BMW 530,5 800 000 ₸,2004,седан,3,бензин,автомат,Б/у
BMW 525,700 000 ₸,1991,седан,2.5,бензин,механика,Б/у
BMW 530,6 300 000 ₸,2003,седан,3,бензин,автомат,Б/у
BMW 318,4 400 000 ₸,2006,седан,2,бензин,автомат,Б/у
BMW 528,2 100 000 ₸,1996,седан,2.8,бензин,механика,Б/у
BMW 525,4 100 000 ₸,2001,седан,2.5,бензин,автомат,Б/у
BMW iX,28 000 000 ₸,2023,кроссовер,эектричество,КПП автомат,с пробегом 31 000 км,Б/у
BMW X5,7 500 000 ₸,2007,кроссовер,4.8,бензин,автомат,Б/у
BMW 530,15 000 000 ₸,2020,седан,2,бензин,автомат,Б/у
BMW X5,4 700 000 ₸,2005,кроссовер,3,бензин,автомат,Б/у
BMW 528,3 300 000 ₸,1996,седан,2.8,бензин,автомат,Б/у
BMW 750,12 500 000 ₸,2013,седан,4.4,бензин,автомат,Б/у
BMW 528,3 200 000 ₸,1998,седан,2.8,бензин,механика,Б/у
BMW X5,21 500 000 ₸,2018,кроссовер,3,бензин,автомат,Б/у
BMW 745,2 490 000 ₸,2001,седан,4.4,бензин,автомат,Б/у
BMW 540,13 000 000 ₸,2008,седан,4,бензин,автомат,Б/у
BMW 525,1 450 000 ₸,1993,седан,2.5,бензин,механика,Б/у
BMW 435,10 500 000 ₸,2015,купе,3,бензин,автомат,Б/у
BMW 550,8 500 000 ₸,2006,седан,4.8,бензин,автомат,Б/у
BMW 320,1 400 000 ₸,1994,седан,2,бензин,механика,Б/у
BMW 530,19 500 000 ₸,2018,седан,2,бензин,автомат,Б/у
BMW X5,16 500 000 ₸,2015,кроссовер,3,бензин,автомат,Б/у
BMW 520,600 000 ₸,1992,седан,2,бензин,механика,Б/у
BMW 540,30 000 000 ₸,2022,седан,3,бензин,автомат,Б/у
BMW 525,6 500 000 ₸,2008,седан,3,бензин,автомат,Б/у
BMW 850,50 000 000 ₸,1994,купе,5,бензин,механика,Б/у
BMW 316,800 000 ₸,1992,седан,1.6,бензин,механика,Б/у
BMW 528,2 700 000 ₸,1997,седан,2.8,бензин,механика,Б/у
BMW 520,1 900 000 ₸,1995,седан,2,бензин,механика,Б/у
BMW X5,9 500 000 ₸,2007,кроссовер,4.8,бензин,автомат,Б/у
BMW 318,5 700 000 ₸,2002,универсал,2,бензин,механика,Б/у
BMW 330,4 500 000 ₸,2002,седан,3,бензин,автомат,Б/у
BMW 525,2 500 000 ₸,1997,седан,2.5,бензин,автомат,Б/у
BMW 520,10 000 000 ₸,2019,седан,2,дизель,автомат,Б/у
BMW X5,3 000 000 ₸,2001,кроссовер,4.4,газ-бензин,автомат,Б/у
BMW 750,6 000 000 ₸,2006,седан,4.8,бензин,автомат,Б/у
BMW 525,1 500 000 ₸,1993,седан,2.5,бензин,механика,Б/у
BMW X5,15 500 000 ₸,2014,кроссовер,3,бензин,автомат,Б/у
BMW 430,13 000 000 ₸,2016,кабриолет,2,бензин,автомат,Б/у
BMW 528,2 600 000 ₸,1997,седан,2.8,бензин,автомат,Б/у
BMW 525,4 200 000 ₸,2001,седан,2.5,бензин,автомат,Б/у
BMW 530,2 800 000 ₸,1994,седан,3,бензин,механика,Б/у
BMW 528,11 700 000 ₸,2016,седан,2,бензин,автомат,Б/у
BMW X5,8 150 000 ₸,2007,кроссовер,4.8,бензин,автомат,Б/у
BMW 530,30 500 000 ₸,2022,седан,2,бензин,автомат,Б/у
BMW X5,29 000 000 ₸,2019,кроссовер,3,бензин,автомат,Б/у
BMW 640,15 500 000 ₸,2012,седан,3,бензин,автомат,Б/у
BMW X5,33 000 000 ₸,2019,кроссовер,3,бензин,автомат,Б/у
BMW 335,12 200 000 ₸,2012,седан,3,бензин,автомат,Б/у
BMW 525,3 000 000 ₸,1999,седан,2.5,бензин,автомат,Б/у
BMW 525,1 400 000 ₸,1990,седан,2.5,бензин,механика,Б/у
BMW 525,3 500 000 ₸,2001,седан,2.5,бензин,автомат,Б/у
BMW 530,7 000 000 ₸,2007,седан,3,бензин,автомат,Б/у
BMW 525,4 000 000 ₸,1994,седан,2.5,бензин,механика,Б/у
BMW X5,32 000 000 ₸,2018,кроссовер,3,бензин,автомат,Б/у
BMW X5,6 999 999 ₸,2004,кроссовер,3,бензин,автомат,Б/у
BMW 325,4 000 000 ₸,2003,седан,2.5,бензин,автомат,Б/у
BMW 520,3 000 000 ₸,1995,седан,2,бензин,механика,Б/у
BMW X5,7 500 000 ₸,2007,кроссовер,3,бензин,автомат,Б/у
BMW X5,11 000 000 ₸,2016,кроссовер,3,бензин,автомат,Б/у
BMW X5,11 000 000 ₸,2012,кроссовер,3,бензин,автомат,Б/у
BMW X5,42 000 000 ₸,2021,кроссовер,3,бензин,автомат,Б/у
BMW X5,46 000 000 ₸,2022,кроссовер,3,бензин,автомат,Б/у
BMW 530,2 800 000 ₸,1993,седан,3,бензин,механика,Б/у
BMW X5,15 200 000 ₸,2015,кроссовер,3,бензин,автомат,Б/у
BMW 528,2 000 000 ₸,1998,седан,2.8,бензин,механика,Б/у
BMW 520,400 000 ₸,1987,седан,2,бензин,механика,Б/у
BMW 318,805 000 ₸,1993,седан,1.8,бензин,механика,Б/у
BMW M3,63 000 000 ₸,2023,универсал,3,бензин,автомат,Б/у
BMW X6,54 000 000 ₸,2023,кроссовер,3,бензин,автомат,Б/у
BMW X5,9 000 000 ₸,2007,кроссовер,3,бензин,автомат,Б/у
BMW X5,5 300 000 ₸,2002,кроссовер,3,бензин,автомат,Б/у
BMW 525,4 500 000 ₸,1997,седан,2.5,бензин,автомат,Б/у
BMW X6,19 500 000 ₸,2017,кроссовер,3,бензин,автомат,Б/у
BMW 530,17 000 000 ₸,2018,седан,2,бензин,автомат,Б/у
BMW 525,1 650 000 ₸,1994,седан,2.5,бензин,механика,Б/у
BMW X5,7 700 000 ₸,2004,кроссовер,3,бензин,автомат,Б/у
BMW 318,850 000 ₸,1992,седан,1.8,бензин,механика,Б/у
BMW 430,10 000 000 ₸,2016,лифтбек,2,бензин,автомат,Б/у
BMW 740,10 500 000 ₸,2010,седан,3,бензин,автомат,Б/у
BMW 320,2 050 000 ₸,1994,седан,2,бензин,механика,Б/у
BMW 535,12 300 000 ₸,2014,седан,3,бензин,автомат,Б/у
BMW 525,1 800 000 ₸,1992,седан,2.5,бензин,механика,Б/у
BMW 520,1 500 000 ₸,1990,седан,2,бензин,механика,Б/у
BMW 525,15 000 000 ₸,1995,седан,2.5,бензин,автомат,Б/у
BMW X7,58 000 000 ₸,2023,кроссовер,4.4,бензин,автомат,Б/у
BMW X5,7 000 000 ₸,2004,кроссовер,3,бензин,автомат,Б/у
BMW X7,38 000 000 ₸,2020,кроссовер,3,бензин,автомат,Б/у
BMW X5,16 000 000 ₸,2015,кроссовер,3,бензин,автомат,Б/у
BMW 540,22 000 000 ₸,2017,седан,3,бензин,автомат,Б/у
BMW X7,38 000 000 ₸,2020,кроссовер,3,бензин,автомат,Б/у
BMW 520,800 000 ₸,1991,седан,2,бензин,механика,Б/у
BMW X5,28 000 000 ₸,2019,кроссовер,3,бензин,автомат,Б/у
BMW 535,11 500 000 ₸,2012,седан,3,бензин,автомат,Б/у
BMW 328,8 400 000 ₸,2013,седан,2,бензин,автомат,Б/у
BMW 535,10 500 000 ₸,2011,седан,3,бензин,автомат,Б/у
BMW 528,1 300 000 ₸,1997,седан,2.8,бензин,автомат,Б/у
BMW 528,3 100 000 ₸,1996,седан,2.8,бензин,механика,Б/у
BMW 316,1 850 000 ₸,1999,седан,1.9,бензин,механика,Б/у
BMW 528,3 600 000 ₸,1996,седан,2.8,бензин,автомат,Б/у
BMW 525,2 750 000 ₸,1998,седан,2.5,бензин,автомат,Б/у
BMW i3,16 500 000 ₸,2015,хэтчбек,эектричество,КПП автомат,Варианты обмена,Б/у
BMW 318,750 000 ₸,1992,седан,1.8,бензин,механика,Б/у
BMW 525,1 900 000 ₸,1996,седан,2.5,бензин,механика,Б/у
BMW X5,7 500 000 ₸,2006,кроссовер,4.8,бензин,автомат,Б/у
BMW 520,1 000 000 ₸,1992,седан,2,бензин,механика,Б/у
BMW 730,2 550 000 ₸,1995,седан,3,бензин,механика,Б/у
BMW 528,2 500 000 ₸,1996,седан,2.8,бензин,автомат,Б/у
BMW X3,23 000 000 ₸,2021,кроссовер,2,бензин,автомат,Б/у
BMW 535,14 000 000 ₸,2016,седан,3,бензин,автомат,Б/у
BMW 528,8 995 000 ₸,2010,седан,3,бензин,автомат,Б/у
BMW 728,1 800 000 ₸,1998,седан,2.8,бензин,Правый руль,Б/у
BMW 325,23 500 000 ₸,2024,седан,2,бензин,автомат,Б/у
BMW 525,2 200 000 ₸,2000,универсал,2.5,бензин,автомат,Б/у
BMW 525,5 200 000 ₸,2004,седан,2.5,бензин,автомат,Б/у
BMW 528,2 450 000 ₸,1996,седан,2.8,газ-бензин,автомат,Б/у
BMW 740,51 000 000 ₸,2022,седан,3,бензин,автомат,Б/у
BMW 530,4 450 000 ₸,2001,седан,3,бензин,автомат,Б/у
BMW 525,2 300 000 ₸,1995,седан,2.5,бензин,механика,Б/у
BMW 525,6 500 000 ₸,2004,седан,2.5,бензин,автомат,Б/у
BMW 520,1 150 000 ₸,1990,седан,2,бензин,механика,Б/у
BMW X5,16 000 000 ₸,2015,кроссовер,3,бензин,автомат,Б/у
BMW X6,11 900 000 ₸,2011,кроссовер,4.4,бензин,автомат,Б/у
BMW X6,13 000 000 ₸,2013,кроссовер,3,бензин,автомат,Б/у
BMW 730,2 700 000 ₸,1997,седан,3,бензин,автомат,Б/у
BMW X1,15 000 000 ₸,2019,кроссовер,2,бензин,автомат,Б/у
BMW X5,14 500 000 ₸,2013,кроссовер,3,бензин,автомат,Б/у
BMW 523,1 900 000 ₸,1996,седан,2.5,бензин,механика,Б/у
BMW 525,4 500 000 ₸,2006,седан,2.5,бензин,автомат,Б/у
BMW X5,81 000 000 ₸,2024,кроссовер,4.4,бензин,автомат,Б/у
BMW 535,10 500 000 ₸,2011,седан,3,бензин,автомат,Б/у
BMW 318,2 100 000 ₸,1996,седан,1.8,бензин,механика,Б/у
BMW X5,11 800 000 ₸,2012,кроссовер,3,бензин,автомат,Б/у
BMW 320,5 700 000 ₸,2015,седан,2,бензин,автомат,Б/у
BMW 525,1 250 000 ₸,1993,седан,2.5,гибрид,механика,Б/у
BMW 318,1 225 000 ₸,1991,седан,1.8,бензин,механика,Б/у
BMW 740,63 000 000 ₸,2023,седан,3,бензин,автомат,Б/у
BMW 525,1 450 000 ₸,1990,седан,2.5,бензин,механика,Б/у
BMW 525,3 000 000 ₸,1992,седан,2.5,бензин,механика,Б/у
BMW 323,3 150 000 ₸,1999,седан,2.5,бензин,автомат,Б/у
BMW 528,3 000 000 ₸,1996,седан,2.8,бензин,автомат,Б/у
BMW 530,7 500 000 ₸,2004,седан,3,бензин,автомат,Б/у
BMW X5,5 000 000 ₸,2000,кроссовер,4.4,бензин,автомат,Б/у
BMW X5 M,60 000 000 ₸,2021,кроссовер,4.4,бензин,автомат,Б/у
BMW X5,30 500 000 ₸,2019,кроссовер,3,бензин,автомат,Б/у
BMW 520,1 590 000 ₸,1991,седан,2,бензин,механика,Б/у
BMW X3,17 900 000 ₸,2018,кроссовер,2,бензин,автомат,Б/у
BMW 525,2 000 000 ₸,1990,седан,2.5,бензин,механика,Б/у
BMW 535,9 800 000 ₸,2011,седан,3,бензин,автомат,Б/у
BMW 535,9 800 000 ₸,2011,седан,3,бензин,автомат,Б/у
BMW X6 M,16 100 000 ₸,2012,кроссовер,4.4,бензин,Правый руль,Б/у
BMW 525,2 200 000 ₸,На заказ,г.,Б/у седан,2.5 л,бензин,1995
BMW X5,26 000 000 ₸,2018,кроссовер,3,бензин,автомат,Б/у
BMW 528,10 200 000 ₸,2010,седан,3,бензин,автомат,Б/у
BMW X7,82 000 000 ₸,2025,кроссовер,3,бензин,автомат,Б/у
BMW X7,65 000 000 ₸,2023,кроссовер,3,бензин,автомат,Б/у
BMW 525,2 600 000 ₸,1996,седан,2.5,бензин,автомат,Б/у
BMW 530,16 500 000 ₸,2017,седан,2,бензин,автомат,Б/у
BMW X5,14 900 000 ₸,2015,кроссовер,3,бензин,автомат,Б/у
BMW 520,2 500 000 ₸,1990,седан,2,бензин,механика,Б/у
BMW 330,8 500 000 ₸,2018,седан,2,бензин,автомат,Б/у
BMW X5,9 600 000 ₸,2007,кроссовер,3,бензин,автомат,Б/у
BMW 323,2 900 000 ₸,1999,седан,2.5,бензин,автомат,Б/у
BMW 728,2 500 000 ₸,1996,седан,2.8,бензин,автомат,Б/у
BMW 525,2 500 000 ₸,1994,седан,2.5,бензин,автомат,Б/у
BMW X5,16 200 000 ₸,2015,кроссовер,3,бензин,автомат,Б/у
BMW X6,16 900 000 ₸,2017,кроссовер,3,бензин,автомат,Б/у
BMW 525,800 000 ₸,1993,седан,2.8,бензин,механика,Б/у
BMW X6,10 000 000 ₸,2014,кроссовер,3,бензин,автомат,Б/у
BMW 525,2 200 000 ₸,1995,седан,2.5,бензин,автомат,Б/у
BMW 535,13 500 000 ₸,2015,седан,3,бензин,автомат,Б/у
BMW 520,850 000 ₸,1991,седан,2,бензин,механика,Б/у
BMW M5,113 000 000 ₸,2024,седан,4.4,гибрид,автомат,Б/у
BMW 525,3 500 000 ₸,1997,седан,2.5,бензин,автомат,Б/у
BMW 525,2 850 000 ₸,1995,седан,2.5,бензин,механика,Б/у
BMW 530,4 300 000 ₸,2002,седан,3,бензин,автомат,Б/у
BMW 523,2 400 000 ₸,1997,седан,2.5,бензин,автомат,Б/у
BMW X5,18 200 000 ₸,2017,кроссовер,3,бензин,автомат,Б/у
BMW M5,62 000 000 ₸,2021,седан,4.4,бензин,автомат,Б/у
BMW 528,12 600 000 ₸,2013,седан,2,бензин,автомат,Б/у
BMW 525,3 000 000 ₸,1996,седан,2.5,бензин,механика,Б/у
BMW M5,44 000 000 ₸,2018,седан,4.4,бензин,автомат,Б/у
BMW 528,10 500 000 ₸,2014,седан,2,бензин,автомат,Б/у
BMW 750,3 900 000 ₸,2007,седан,4.8,бензин,автомат,Б/у
BMW 745,5 500 000 ₸,2003,седан,4.4,бензин,автомат,Б/у
BMW 530,6 300 000 ₸,2004,седан,3,бензин,автомат,Б/у
BMW 530,38 500 000 ₸,2024,седан,2,бензин,автомат,Б/у
BMW 760,26 700 800 ₸,2015,седан,6,бензин,автомат,Б/у
BMW 330,7 000 000 ₸,1998,кабриолет,3,бензин,автомат,Б/у
BMW 540,24 500 000 ₸,2017,седан,3,бензин,автомат,Б/у
BMW 330,3 000 000 ₸,2003,седан,3,бензин,автомат,Б/у
BMW 750,8 500 000 ₸,2005,седан,4.8,бензин,автомат,Б/у
BMW X5,7 000 000 ₸,2009,кроссовер,4.8,бензин,автомат,Б/у
BMW X5,10 000 000 ₸,2010,кроссовер,3,бензин,автомат,Б/у
BMW 320,2 200 000 ₸,1995,седан,2,бензин,автомат,Б/у
BMW 523,2 600 000 ₸,1999,седан,2.5,бензин,механика,Б/у
BMW 760,22 500 000 ₸,1999,седан,6,бензин,автомат,Б/у
BMW X7,42 500 000 ₸,2021,кроссовер,3,бензин,автомат,Б/у
BMW 530,13 500 000 ₸,1995,седан,3,бензин,механика,Б/у
BMW 520,1 550 000 ₸,1989,седан,2,бензин,механика,Б/у
BMW 530,3 800 000 ₸,2006,седан,3,бензин,автомат,Б/у
BMW X5,57 000 000 ₸,2024,кроссовер,3,бензин,автомат,Б/у
BMW 530,5 500 000 ₸,2005,седан,3,бензин,автомат,Б/у
BMW 745,3 200 000 ₸,2003,седан,4.4,бензин,автомат,Б/у
BMW 320,3 500 000 ₸,2002,седан,2,бензин,автомат,Б/у
BMW X5,6 500 000 ₸,2005,кроссовер,4.8,бензин,автомат,Б/у
BMW 525,450 000 ₸,1991,седан,2.5,бензин,механика,Б/у
BMW X5,7 000 000 ₸,2004,кроссовер,3,бензин,автомат,Б/у
BMW 318,5 700 000 ₸,2006,седан,2,бензин,автомат,Б/у
BMW X5,6 200 000 ₸,2002,кроссовер,3,бензин,автомат,Б/у
BMW Gran Turismo,13 500 000 ₸,2012,лифтбек,3,бензин,автомат,Б/у
BMW 525,1 300 000 ₸,1992,седан,2.5,бензин,механика,Б/у
BMW 525,2 200 000 ₸,1994,седан,2.5,бензин,механика,Б/у
BMW 730,1 300 000 ₸,1989,седан,3,бензин,автомат,Б/у
BMW X5,13 500 000 ₸,2014,кроссовер,3,бензин,автомат,Б/у
BMW 325,2 200 000 ₸,1991,седан,2.5,бензин,механика,Б/у
BMW X5,6 500 000 ₸,2003,кроссовер,4.6,бензин,автомат,Б/у
BMW 730,2 700 000 ₸,1994,седан,3,бензин,автомат,Б/у
BMW 740,5 200 000 ₸,1993,седан,4,бензин,автомат,Б/у
BMW 520,850 000 ₸,1991,седан,2,бензин,механика,Б/у
BMW 728,3 000 000 ₸,2000,седан,2.8,бензин,автомат,Б/у
BMW 730,7 500 000 ₸,2008,седан,3,бензин,автомат,Б/у
BMW 540,4 300 000 ₸,1993,седан,4,бензин,механика,Б/у
BMW 528,2 950 000 ₸,1997,седан,2.8,бензин,автомат,Б/у
BMW 530,5 350 000 ₸,2007,седан,3,дизель,автомат,Б/у
BMW X6,36 500 000 ₸,2021,кроссовер,3,бензин,автомат,Б/у
BMW 528,11 000 000 ₸,2014,седан,2,бензин,автомат,Б/у
BMW 320,1 200 000 ₸,1993,седан,2,бензин,автомат,Б/у
BMW 525,1 550 000 ₸,1988,седан,2.5,бензин,механика,Б/у
BMW 525,900 000 ₸,1994,седан,2.5,бензин,механика,Б/у
BMW 520,850 000 ₸,1995,седан,2,бензин,механика,Б/у
BMW 530,15 500 000 ₸,2017,седан,2,бензин,автомат,Б/у
BMW 530,3 400 000 ₸,1994,универсал,3,бензин,механика,Б/у
BMW 540,20 500 000 ₸,2018,седан,3,бензин,автомат,Б/у
BMW 525,3 500 000 ₸,2006,седан,2.5,бензин,автомат,Б/у
BMW 730,5 800 000 ₸,2003,седан,3,дизель,автомат,Б/у
BMW X5,18 500 000 ₸,2014,кроссовер,3,бензин,автомат,Б/у
BMW 520,1 280 000 ₸,1991,седан,2,бензин,автомат,Б/у
BMW 520,1 700 000 ₸,1995,седан,2,бензин,механика,Б/у
BMW 750,5 500 000 ₸,2006,седан,4.8,бензин,автомат,Б/у
BMW 520,2 000 000 ₸,1991,седан,2,бензин,механика,Б/у
BMW 730,36 000 000 ₸,2020,седан,2,бензин,автомат,Б/у
BMW X5,8 000 000 ₸,2015,кроссовер,3,бензин,автомат,Б/у
BMW X5,8 200 000 ₸,2007,кроссовер,3,бензин,автомат,Б/у
BMW X5,8 000 000 ₸,2015,кроссовер,3,бензин,автомат,Б/у
BMW 330,5 100 000 ₸,2002,седан,3,бензин,автомат,Б/у
BMW 318,1 600 000 ₸,1993,седан,1.8,бензин,механика,Б/у
BMW 525,1 850 000 ₸,1994,седан,2.5,бензин,механика,Б/у
BMW X5,7 500 000 ₸,2002,кроссовер,3,бензин,автомат,Б/у
BMW 525,1 100 000 ₸,1991,седан,2.5,бензин,механика,Б/у
BMW 318,1 300 000 ₸,1998,седан,1.9,бензин,механика,Б/у
BMW 535,10 900 000 ₸,2016,седан,3,бензин,автомат,Б/у
BMW X5,19 200 000 ₸,2014,кроссовер,3,бензин,автомат,Б/у
BMW 530,5 000 000 ₸,2007,седан,3,бензин,автомат,Б/у
BMW 530,2 300 000 ₸,1995,седан,3,бензин,механика,Б/у
BMW 520,1 100 000 ₸,1990,седан,2,бензин,механика,Б/у
BMW 535,14 000 000 ₸,2016,седан,3,бензин,автомат,Б/у
BMW X5,13 500 000 ₸,2015,кроссовер,3,бензин,автомат,Б/у
BMW 530,1 000 000 ₸,1994,седан,3,бензин,механика,Б/у
BMW 535,5 500 000 ₸,2008,седан,3,бензин,автомат,Б/у
BMW 328,1 000 000 ₸,1993,седан,2.8,бензин,механика,Б/у
BMW 528,2 700 000 ₸,1998,седан,2.8,бензин,автомат,Б/у
BMW X5,7 500 000 ₸,2007,кроссовер,4.8,бензин,автомат,Б/у
BMW 525,2 000 000 ₸,1995,седан,2.5,бензин,автомат,Б/у
BMW 525,1 500 000 ₸,1993,седан,2.5,бензин,механика,Б/у
BMW i7,90 000 000 ₸,2022,седан,эектричество,КПП автомат,с пробегом 22 000 км,Б/у
BMW X6 M,10 500 000 ₸,2010,кроссовер,4.4,бензин,автомат,Б/у
BMW 318,1 000 000 ₸,1981,седан,1.8,бензин,механика,Б/у
BMW 528,11 000 000 ₸,2011,седан,3,бензин,автомат,Б/у
BMW 840,45 200 000 ₸,2020,седан,3,бензин,автомат,Б/у
BMW 520,1 200 000 ₸,1991,седан,2.8,бензин,автомат,Б/у
BMW 328,7 500 000 ₸,2009,седан,3,бензин,автомат,Б/у
BMW 520,1 600 000 ₸,1989,седан,2,бензин,механика,Б/у
BMW 530,5 800 000 ₸,2003,седан,3,бензин,автомат,Б/у
BMW 525,3 200 000 ₸,1997,седан,2.5,бензин,механика,Б/у
BMW X6,10 200 000 ₸,2009,кроссовер,4.4,бензин,автомат,Б/у
BMW X5,15 200 000 ₸,2015,кроссовер,3,бензин,автомат,Б/у
BMW 535,9 000 000 ₸,2015,седан,3,бензин,автомат,Б/у
BMW X6 M,17 500 000 ₸,2010,кроссовер,4.4,бензин,автомат,Б/у
BMW 520,1 000 000 ₸,1991,седан,2,бензин,механика,Б/у
BMW X5,33 700 000 ₸,2019,кроссовер,3,бензин,автомат,Б/у
BMW X6,16 500 000 ₸,2016,кроссовер,3,бензин,автомат,Б/у
BMW 535,7 000 000 ₸,2014,седан,3,бензин,автомат,Б/у
BMW 525,3 000 000 ₸,1995,седан,2.5,бензин,механика,Б/у
BMW 318,1 400 000 ₸,1992,седан,1.8,бензин,механика,Б/у
BMW 520,1 100 000 ₸,1993,седан,2,бензин,механика,Б/у
BMW 520,1 500 000 ₸,1991,седан,2,бензин,механика,Б/у
BMW 525,2 500 000 ₸,1990,седан,2.5,бензин,механика,Б/у
BMW 328,1 550 000 ₸,1991,седан,2.8,бензин,механика,Б/у
BMW X7,52 000 000 ₸,2022,кроссовер,3,бензин,автомат,Б/у
BMW 525,2 100 000 ₸,1995,седан,2.5,бензин,механика,Б/у
BMW 520,2 700 000 ₸,1995,седан,2,бензин,механика,Б/у
BMW 525,1 540 000 ₸,2003,седан,2.5,дизель,Правый руль,Б/у
BMW X5,31 990 000 ₸,2021,кроссовер,3,бензин,автомат,Б/у
BMW X5,4 400 000 ₸,2002,кроссовер,3,бензин,автомат,Б/у
BMW X5,9 500 000 ₸,2007,кроссовер,4.8,бензин,автомат,Б/у
BMW 525,2 500 000 ₸,1996,седан,2.5,бензин,автомат,Б/у
BMW 525,2 850 000 ₸,1994,седан,2.5,бензин,механика,Б/у
BMW X5,6 500 000 ₸,2004,кроссовер,4.4,бензин,автомат,Б/у
BMW 328,2 900 000 ₸,1991,седан,2.8,бензин,механика,Б/у
BMW 525,2 400 000 ₸,1997,седан,2.5,бензин,автомат,Б/у
BMW X6,8 900 000 ₸,2008,кроссовер,3,бензин,автомат,Б/у
BMW 530,5 000 000 ₸,1993,седан,3,бензин,механика,Б/у
BMW X5,6 200 000 ₸,2005,кроссовер,3,бензин,автомат,Б/у
BMW 530,4 900 000 ₸,2003,седан,3,бензин,автомат,Б/у
BMW X5,9 000 000 ₸,2013,кроссовер,3,бензин,автомат,Б/у
BMW 728,4 000 000 ₸,1995,седан,2.8,бензин,автомат,Б/у
BMW 520,2 450 000 ₸,1996,седан,2,бензин,механика,Б/у
BMW 524,770 000 ₸,1987,седан,2.4,дизель,механика,Б/у
BMW 328,2 850 000 ₸,2000,седан,2.8,бензин,механика,Б/у
BMW 525,2 600 000 ₸,1994,седан,2.5,бензин,механика,Б/у
BMW 525,2 200 000 ₸,1994,седан,2.5,бензин,автомат,Б/у
BMW X3,14 000 000 ₸,2016,кроссовер,2,бензин,автомат,Б/у
BMW 525,5 850 000 ₸,2003,седан,2.5,бензин,автомат,Б/у
BMW 525,2 650 000 ₸,1995,седан,2.5,бензин,механика,Б/у
BMW 528,12 000 000 ₸,2015,седан,2,бензин,автомат,Б/у
BMW X5,15 290 000 ₸,2015,кроссовер,3,бензин,автомат,Б/у
BMW 730,1 800 000 ₸,1993,седан,3,бензин,механика,Б/у
BMW 520,1 600 000 ₸,1991,седан,2,бензин,механика,Б/у
BMW 525,1 000 000 ₸,1993,седан,2.5,бензин,автомат,Б/у
BMW 520,650 000 ₸,1991,седан,2,бензин,механика,Б/у
BMW M5,42 000 000 ₸,2018,седан,4.4,бензин,автомат,Б/у
BMW 528,9 450 000 ₸,2015,седан,2,бензин,механика,Б/у
BMW X6,10 000 000 ₸,2012,кроссовер,3,дизель,автомат,Б/у
BMW X7,36 000 000 ₸,2021,кроссовер,4.4,бензин,автомат,Б/у
BMW X6,8 500 000 ₸,2009,кроссовер,3,бензин,автомат,Б/у
BMW 525,1 600 000 ₸,1993,седан,2.5,бензин,механика,Б/у
BMW M5,44 862 000 ₸,2019,седан,4.4,бензин,автомат,Б/у
BMW 540,4 000 000 ₸,1995,седан,4.4,бензин,механика,Б/у
BMW 530,6 000 000 ₸,1994,седан,3,бензин,автомат,Б/у
BMW 525,1 600 000 ₸,1992,седан,2.5,бензин,механика,Б/у
BMW 728,3 250 000 ₸,1996,седан,2.8,бензин,автомат,Б/у
BMW 525,1 200 000 ₸,1991,седан,2.5,бензин,механика,Б/у
BMW 325,2 800 000 ₸,1992,седан,3,бензин,механика,Б/у
BMW X5,26 000 000 ₸,2020,кроссовер,3,бензин,автомат,Б/у
BMW 320,3 300 000 ₸,2012,седан,2,бензин,автомат,Б/у
BMW 740,3 700 000 ₸,1995,седан,4.4,бензин,автомат,Б/у
BMW X5,5 000 000 ₸,2001,кроссовер,4.4,бензин,автомат,Б/у
BMW X7,65 000 000 ₸,2023,кроссовер,3,бензин,автомат,Б/у
BMW 323,1 300 000 ₸,1993,седан,2.5,бензин,механика,Б/у
BMW 320,1 200 000 ₸,1992,седан,2,бензин,механика,Б/у
BMW X5,7 500 000 ₸,2006,кроссовер,4.8,бензин,автомат,Б/у
BMW X5,28 000 000 ₸,2019,кроссовер,3,бензин,автомат,Б/у
BMW X5,5 500 000 ₸,2003,кроссовер,3,бензин,автомат,Б/у
BMW 525,4 000 000 ₸,2003,седан,2.5,бензин,автомат,Б/у
BMW 320,1 550 000 ₸,1994,седан,2,бензин,автомат,Б/у
BMW 525,1 600 000 ₸,1992,седан,2.5,бензин,механика,Б/у
BMW X5,16 500 000 ₸,2014,кроссовер,3,бензин,автомат,Б/у
BMW 520,1 000 000 ₸,1991,седан,2,бензин,механика,Б/у
BMW 535,7 000 000 ₸,2015,седан,3,бензин,автомат,Б/у
BMW 523,2 300 000 ₸,1997,седан,2.5,бензин,автомат,Б/у
BMW X5,15 000 000 ₸,2016,кроссовер,3,бензин,автомат,Б/у
BMW X6,7 500 000 ₸,2010,кроссовер,3,дизель,автомат,Б/у
BMW X7,46 000 000 ₸,2021,кроссовер,3,бензин,автомат,Б/у
BMW 520,1 350 000 ₸,1994,седан,2,бензин,механика,Б/у
BMW X5,4 800 000 ₸,2003,кроссовер,3,бензин,автомат,Б/у
BMW 728,4 500 000 ₸,2000,седан,2.8,бензин,автомат,Б/у
BMW 316,3 500 000 ₸,1992,универсал,1.6,бензин,механика,Б/у
BMW 528,5 000 000 ₸,1997,седан,2.8,бензин,автомат,Б/у
BMW 318,3 000 000 ₸,2000,седан,1.9,бензин,механика,Б/у
BMW 530,14 900 000 ₸,2018,седан,2,бензин,автомат,Б/у
BMW X5,7 900 000 ₸,2005,кроссовер,3,бензин,автомат,Б/у
BMW 535,6 000 000 ₸,2013,седан,3,бензин,автомат,Б/у
BMW 528,9 500 000 ₸,2013,седан,2,бензин,автомат,Б/у
BMW 530,3 750 000 ₸,На заказ,г.,Б/у седан,3 л,бензин,2001
BMW 528,9 300 000 ₸,2013,седан,2,бензин,автомат,Б/у
BMW 525,1 000 000 ₸,1989,седан,2.5,бензин,механика,Б/у
BMW 535,32 000 000 ₸,2023,седан,2,гибрид,автомат,Б/у
BMW X7,84 800 000 ₸,2024,кроссовер,4.4,бензин,автомат,Б/у
BMW 335,12 800 000 ₸,2012,седан,3,гибрид,автомат,Б/у
BMW 320,1 300 000 ₸,1993,седан,2,бензин,автомат,Б/у
BMW X6,14 500 000 ₸,2013,кроссовер,3,бензин,автомат,Б/у
BMW X5,52 000 000 ₸,2022,кроссовер,3,бензин,автомат,Б/у
BMW 320,1 800 000 ₸,1993,седан,2,бензин,механика,Б/у
BMW 540,20 000 000 ₸,2017,седан,3,бензин,автомат,Б/у
BMW 750,9 200 000 ₸,2009,седан,4.4,бензин,автомат,Б/у
BMW 330,13 000 000 ₸,2017,седан,2,бензин,автомат,Б/у
BMW 523,3 100 000 ₸,1997,седан,2.5,бензин,механика,Б/у
BMW 435,15 000 000 ₸,2014,купе,3,бензин,автомат,Б/у
BMW 728,2 500 000 ₸,1995,седан,2.8,бензин,автомат,Б/у
BMW 530,16 000 000 ₸,2020,седан,2,бензин,автомат,Б/у
BMW 330,13 500 000 ₸,2020,седан,2,бензин,автомат,Б/у
BMW 318,2 416 666 ₸,1995,седан,1.8,бензин,механика,Б/у
BMW 330,6 500 000 ₸,2008,седан,3,бензин,автомат,Б/у
BMW 535,5 700 000 ₸,2015,седан,3,бензин,автомат,Б/у
BMW M5,20 000 000 ₸,2012,седан,4.4,бензин,робот,Б/у
BMW 530,2 100 000 ₸,1990,седан,3,бензин,механика,Б/у
BMW 525,800 000 ₸,1993,седан,2.5,бензин,механика,Б/у
BMW X3,6 200 000 ₸,2013,кроссовер,2,бензин,автомат,Б/у
BMW X5,16 000 000 ₸,2014,кроссовер,3,бензин,автомат,Б/у
BMW 525,1 100 000 ₸,1989,седан,2.5,бензин,механика,Б/у
BMW 735,2 000 000 ₸,1995,седан,3.5,бензин,автомат,Б/у
BMW 520,520 000 ₸,1990,седан,2,бензин,механика,Б/у
BMW 525,750 000 ₸,1992,седан,2.5,бензин,автомат,Б/у
BMW 530,5 000 000 ₸,2003,седан,3,бензин,механика,Б/у
BMW X6,8 700 000 ₸,2010,кроссовер,3,бензин,автомат,Б/у
BMW 520,1 500 000 ₸,1994,седан,2,бензин,механика,Б/у
BMW 525,1 999 999 ₸,1991,седан,2.5,бензин,автомат,Б/у
BMW X6 M,16 800 000 ₸,2012,кроссовер,4.4,бензин,автомат,Б/у
BMW 520,1 050 000 ₸,1992,седан,2,бензин,механика,Б/у
BMW 325,5 800 000 ₸,2004,седан,2.5,бензин,автомат,Б/у
BMW 130,4 900 000 ₸,2007,хэтчбек,3,бензин,механика,Б/у
BMW M5,44 800 000 ₸,2018,седан,4.4,бензин,автомат,Б/у
BMW 728,4 300 000 ₸,2000,седан,2.8,бензин,автомат,Б/у
BMW X5 M,90 000 000 ₸,2023,кроссовер,4.4,бензин,автомат,Б/у
BMW 740,6 500 000 ₸,2006,седан,4,бензин,автомат,Б/у
BMW 320,3 850 000 ₸,2008,седан,2,бензин,автомат,Б/у
BMW 535,6 300 000 ₸,2015,седан,3,бензин,автомат,Б/у
BMW 530,37 500 000 ₸,2024,седан,2,бензин,автомат,Б/у
BMW 520,500 000 ₸,1989,седан,2,бензин,механика,Б/у
BMW 525,1 500 000 ₸,1994,седан,2.5,бензин,механика,Б/у
BMW 728,1 950 000 ₸,1997,седан,2.8,газ-бензин,автомат,Б/у
BMW X7,52 000 000 ₸,2021,кроссовер,3,бензин,автомат,Б/у
BMW X5,7 300 000 ₸,2006,кроссовер,3,бензин,автомат,Б/у
BMW X5,20 000 000 ₸,2018,кроссовер,3,бензин,автомат,Б/у
BMW X5,9 000 000 ₸,2008,кроссовер,4.8,бензин,автомат,Б/у
BMW 530,5 850 000 ₸,2000,седан,3,бензин,автомат,Б/у
BMW 530,16 900 000 ₸,2017,седан,2,бензин,автомат,Б/у
BMW 740,7 200 000 ₸,2006,седан,4,бензин,автомат,Б/у
BMW 520,1 380 000 ₸,1994,седан,2,бензин,механика,Б/у
BMW 750,4 700 000 ₸,2006,седан,4.8,бензин,автомат,Б/у
BMW X5,20 000 000 ₸,2014,кроссовер,3,бензин,автомат,Б/у
BMW 525,1 500 000 ₸,1994,седан,2.5,бензин,автомат,Б/у
BMW 523,3 900 000 ₸,1999,седан,2.5,бензин,автомат,Б/у
BMW 735,4 100 000 ₸,1998,седан,3.5,бензин,автомат,Б/у
BMW X5,8 000 000 ₸,2007,кроссовер,3,бензин,автомат,Б/у
BMW 320,750 000 ₸,1991,седан,2,бензин,механика,Б/у
BMW 525,3 100 000 ₸,1997,седан,2.5,бензин,автомат,Б/у
BMW 520,3 000 000 ₸,1992,седан,2,бензин,механика,Б/у
BMW X7,62 000 000 ₸,2022,кроссовер,3,бензин,автомат,Б/у
BMW 745,1 300 000 ₸,2002,седан,4.4,бензин,автомат,Б/у
BMW X4,19 500 000 ₸,2019,кроссовер,2,бензин,автомат,Б/у
BMW 318,1 600 000 ₸,1993,седан,1.8,бензин,механика,Б/у
BMW 840,62 900 000 ₸,2023,седан,3,бензин,автомат,Б/у
BMW 728,2 500 000 ₸,1998,седан,2.8,бензин,автомат,Б/у
BMW X5,9 500 000 ₸,2008,кроссовер,4.8,бензин,автомат,Б/у
BMW 728,2 700 000 ₸,1997,седан,2.8,бензин,автомат,Б/у
BMW 525,3 200 000 ₸,1995,седан,2.5,бензин,механика,Б/у
BMW 525,3 800 000 ₸,1996,седан,2.5,бензин,механика,Б/у
BMW 325,1 500 000 ₸,На заказ,г.,Б/у седан,2.5 л,бензин,1993
BMW 528,10 500 000 ₸,2014,седан,2,бензин,автомат,Б/у
BMW 325,2 500 000 ₸,1996,седан,2.5,бензин,автомат,Б/у
BMW 525,1 800 000 ₸,1993,седан,2.8,бензин,механика,Б/у
BMW 525,750 000 ₸,1994,седан,2.5,бензин,механика,Б/у
BMW X5,8 600 000 ₸,2007,кроссовер,3,бензин,автомат,Б/у
BMW X7,45 000 000 ₸,2021,кроссовер,3,бензин,автомат,Б/у
BMW 525,1 400 000 ₸,1992,седан,2.5,бензин,автомат,Б/у
BMW X6,11 610 000 ₸,2010,кроссовер,3,бензин,автомат,Б/у
BMW 525,5 500 000 ₸,2002,седан,2.5,бензин,автомат,Б/у
BMW 525,2 500 000 ₸,1995,седан,2.5,бензин,Правый руль,Б/у
BMW 525,3 300 000 ₸,1992,универсал,3,газ-бензин,механика,Б/у
BMW 525,1 500 000 ₸,1995,седан,2.5,бензин,механика,Б/у
BMW 520,1 500 000 ₸,1991,седан,2,бензин,механика,Б/у
BMW X3,17 700 000 ₸,На заказ,г.,Б/у кроссовер,2 л,бензин,2024
BMW X5,4 700 000 ₸,2000,кроссовер,3,бензин,автомат,Б/у
BMW 520,1 900 000 ₸,1992,седан,2,бензин,механика,Б/у
BMW X5,7 000 000 ₸,2004,кроссовер,4.8,бензин,автомат,Б/у
BMW X3 XDrive 20,48 500 000 ₸,2026,кроссовер,2,бензин,автомат,новый
BMW X3,5 500 000 ₸,2004,кроссовер,2.5,бензин,автомат,Б/у
BMW 520,850 000 ₸,1992,седан,2,бензин,механика,Б/у
BMW 525,4 000 000 ₸,2003,седан,2.5,бензин,автомат,Б/у
BMW 530,2 800 000 ₸,1994,седан,3,бензин,механика,Б/у
BMW 520,3 500 000 ₸,2004,седан,2.2,бензин,автомат,Б/у
BMW 530,25 000 000 ₸,2021,седан,2,бензин,автомат,Б/у
BMW X6,10 700 000 ₸,2008,кроссовер,3,бензин,автомат,Б/у
BMW 728,3 600 000 ₸,2000,седан,2.8,бензин,автомат,Б/у
BMW M3,74 000 000 ₸,2022,седан,3,бензин,автомат,Б/у
BMW X5,4 500 000 ₸,2002,кроссовер,3,бензин,автомат,Б/у
BMW 320,1 350 000 ₸,1992,седан,2,бензин,механика,Б/у
BMW 520,20 795 000 ₸,2021,седан,2,бензин,автомат,Б/у
BMW 318,1 100 000 ₸,1996,седан,1.8,бензин,механика,Б/у
BMW 530,16 950 000 ₸,2018,седан,2,бензин,автомат,Б/у
BMW 540,16 000 001 ₸,2017,седан,3,бензин,автомат,Б/у
BMW 318,650 000 ₸,1992,седан,1.8,бензин,механика,Б/у
BMW 730,2 950 000 ₸,1988,седан,3,бензин,механика,Б/у
BMW 520,2 150 000 ₸,1996,седан,2,бензин,механика,Б/у
BMW 520,1 800 000 ₸,1995,седан,2,бензин,механика,Б/у
BMW 330,4 500 000 ₸,2001,седан,3,бензин,механика,Б/у
BMW 530,21 000 000 ₸,2019,седан,2,бензин,автомат,Б/у
BMW 525,2 400 000 ₸,1993,седан,2.5,бензин,механика,Б/у
BMW X4,21 000 000 ₸,2018,кроссовер,2,бензин,автомат,Б/у
BMW M5,99 000 000 ₸,2026,седан,4.4,гибрид,автомат,новый
BMW 520,1 900 000 ₸,1992,седан,2,газ-бензин,механика,Б/у
BMW 520,1 500 000 ₸,1989,седан,2,бензин,механика,Б/у
BMW 320,1 250 000 ₸,1991,седан,2,бензин,механика,Б/у
BMW 528,12 900 000 ₸,2015,седан,2,бензин,автомат,Б/у
BMW 320,20 500 000 ₸,На заказ,г.,Б/у универса,2 л,бензин,2024
BMW 740,4 000 000 ₸,1999,седан,4.4,бензин,автомат,Б/у
BMW X6,9 700 000 ₸,2008,кроссовер,3,бензин,автомат,Б/у
BMW X5,9 600 000 ₸,2008,кроссовер,4.8,бензин,автомат,Б/у
BMW 520,600 000 ₸,1993,седан,2,бензин,механика,Б/у
BMW 740,7 400 000 ₸,2007,седан,4,бензин,автомат,Б/у
BMW 525,1 000 000 ₸,1989,седан,2.5,дизель,механика,Б/у
BMW 740,7 400 000 ₸,2007,седан,4,бензин,автомат,Б/у
BMW X5,15 500 000 ₸,2014,кроссовер,3.5,бензин,автомат,Б/у
BMW 323,1 100 000 ₸,1995,седан,2.5,бензин,автомат,Б/у
BMW X5,9 500 000 ₸,2008,кроссовер,4.8,бензин,автомат,Б/у
BMW X5,11 000 000 ₸,2012,кроссовер,3,бензин,автомат,Б/у
BMW M3,21 500 000 ₸,2015,седан,3,бензин,робот,Б/у
BMW 530,5 900 000 ₸,2004,седан,3,бензин,автомат,Б/у
BMW X5,13 000 000 ₸,2011,кроссовер,4.4,бензин,автомат,Б/у
BMW 320,5 200 000 ₸,2009,седан,2,бензин,автомат,Б/у
BMW 528,8 950 000 ₸,2011,седан,3,бензин,автомат,Б/у
BMW 735,4 000 000 ₸,2002,седан,3.6,бензин,автомат,Б/у
BMW 730,2 300 000 ₸,1989,седан,3,бензин,механика,Б/у
BMW X6,9 000 000 ₸,2009,кроссовер,3,бензин,автомат,Б/у
BMW 525,800 000 ₸,1990,седан,2.5,бензин,механика,Б/у
BMW iX,48 000 000 ₸,2023,кроссовер,эектричество,КПП автомат,с пробегом 45 000 км,Б/у
BMW 530,26 000 000 ₸,2023,седан,2,бензин,автомат,Б/у
BMW 530,18 000 000 ₸,2017,седан,2,бензин,автомат,Б/у
BMW 320,1 400 000 ₸,1991,седан,2,бензин,механика,Б/у
BMW 340,27 500 000 ₸,2020,седан,3,бензин,автомат,Б/у
BMW 728,3 500 000 ₸,1999,седан,2.8,бензин,автомат,Б/у
BMW X5,4 500 000 ₸,2002,кроссовер,3,бензин,автомат,Б/у
BMW 735,1 200 000 ₸,1988,седан,3.4,бензин,механика,Б/у
BMW 328,6 500 000 ₸,2013,седан,2,бензин,автомат,Б/у
BMW 525,5 000 000 ₸,2004,седан,2.5,бензин,автомат,Б/у
BMW X3,7 350 000 ₸,2007,кроссовер,3,бензин,автомат,Б/у
BMW X5,5 500 000 ₸,2002,кроссовер,3,бензин,автомат,Б/у
BMW X5,7 500 000 ₸,2007,кроссовер,4.8,бензин,автомат,Б/у
BMW X6,9 500 000 ₸,2008,кроссовер,3,бензин,автомат,Б/у
BMW 525,2 900 000 ₸,1996,седан,2.5,бензин,механика,Б/у
BMW 316,1 600 000 ₸,1985,седан,1.8,бензин,механика,Б/у
BMW 520,1 050 000 ₸,1993,седан,2,бензин,механика,Б/у
BMW 728,4 300 000 ₸,2000,седан,2.8,бензин,автомат,Б/у
BMW 525,5 500 000 ₸,2000,седан,2.5,бензин,автомат,Б/у
BMW X5,15 000 000 ₸,2017,кроссовер,3,бензин,автомат,Б/у
BMW 330,10 000 000 ₸,2001,универсал,3,бензин,автомат,Б/у
BMW 528,11 800 000 ₸,2013,седан,2,бензин,автомат,Б/у
BMW X5,25 900 000 ₸,2019,кроссовер,3,бензин,автомат,Б/у
BMW 428,11 500 000 ₸,2016,лифтбек,2,бензин,автомат,Б/у
BMW 525,1 200 000 ₸,1989,седан,2.5,бензин,автомат,Б/у
BMW 730,23 000 000 ₸,2018,седан,2,бензин,автомат,Б/у
BMW X5,84 000 000 ₸,2025,кроссовер,4.4,бензин,автомат,Б/у
BMW 525,1 350 000 ₸,1992,седан,2.5,бензин,механика,Б/у
BMW 740,15 000 000 ₸,2012,седан,3,бензин,автомат,Б/у
BMW 528,2 300 000 ₸,1997,седан,2.8,бензин,механика,Б/у
